epoch,loss
0,0.05
1,0.025
2,0.016666666666666666
3,0.0125
4,0.010000000000000002
5,0.008333333333333333
6,0.007142857142857143
7,0.00625
8,0.005555555555555556
9,0.005000000000000001
10,0.004545454545454546
11,0.004166666666666667
12,0.0038461538461538464
13,0.0035714285714285713
14,0.0033333333333333335
15,0.003125
16,0.0029411764705882353
17,0.002777777777777778
18,0.002631578947368421
19,0.0025000000000000005
20,0.002380952380952381
21,0.002272727272727273
22,0.002173913043478261
23,0.0020833333333333333
24,0.002
25,0.0019230769230769232
26,0.001851851851851852
27,0.0017857142857142857
28,0.0017241379310344827
29,0.0016666666666666668
30,0.0016129032258064516
31,0.0015625
32,0.0015151515151515154
33,0.0014705882352941176
34,0.0014285714285714286
35,0.001388888888888889
36,0.0013513513513513514
37,0.0013157894736842105
38,0.001282051282051282
39,0.0012500000000000002
40,0.0012195121951219514
41,0.0011904761904761906
42,0.0011627906976744186
43,0.0011363636363636365
44,0.0011111111111111111
45,0.0010869565217391304
46,0.0010638297872340426
47,0.0010416666666666667
48,0.001020408163265306
49,0.001
50,0.000980392156862745
51,0.0009615384615384616
52,0.0009433962264150943
53,0.000925925925925926
54,0.0009090909090909091
55,0.0008928571428571428
56,0.0008771929824561404
57,0.0008620689655172414
58,0.0008474576271186442
59,0.0008333333333333334
60,0.0008196721311475411
61,0.0008064516129032258
62,0.0007936507936507937
63,0.00078125
64,0.0007692307692307693
65,0.0007575757575757577
66,0.0007462686567164179
67,0.0007352941176470588
68,0.0007246376811594203
69,0.0007142857142857143
70,0.0007042253521126761
71,0.0006944444444444445
72,0.0006849315068493151
73,0.0006756756756756757
74,0.0006666666666666668
75,0.0006578947368421052
76,0.0006493506493506495
77,0.000641025641025641
78,0.0006329113924050633
79,0.0006250000000000001
80,0.0006172839506172839
81,0.0006097560975609757
82,0.0006024096385542169
83,0.0005952380952380953
84,0.0005882352941176471
85,0.0005813953488372093
86,0.0005747126436781609
87,0.0005681818181818183
88,0.0005617977528089888
89,0.0005555555555555556
90,0.0005494505494505496
91,0.0005434782608695652
92,0.0005376344086021506
93,0.0005319148936170213
94,0.0005263157894736842
95,0.0005208333333333333
96,0.0005154639175257732
97,0.000510204081632653
98,0.0005050505050505052
99,0.0005
100,0.0004950495049504951
101,0.0004901960784313725
102,0.0004854368932038835
103,0.0004807692307692308
104,0.00047619047619047624
105,0.0004716981132075472
106,0.0004672897196261682
107,0.000462962962962963
108,0.00045871559633027525
109,0.00045454545454545455
110,0.00045045045045045046
111,0.0004464285714285714
112,0.0004424778761061947
113,0.0004385964912280702
114,0.0004347826086956522
115,0.0004310344827586207
116,0.0004273504273504274
117,0.0004237288135593221
118,0.0004201680672268908
119,0.0004166666666666667
120,0.0004132231404958678
121,0.00040983606557377055
122,0.00040650406504065046
123,0.0004032258064516129
124,0.0004
125,0.0003968253968253968
126,0.0003937007874015748
127,0.000390625
128,0.0003875968992248062
129,0.00038461538461538467
130,0.0003816793893129771
131,0.00037878787878787884
132,0.00037593984962406017
133,0.00037313432835820896
134,0.0003703703703703704
135,0.0003676470588235294
136,0.00036496350364963507
137,0.00036231884057971015
138,0.0003597122302158274
139,0.00035714285714285714
140,0.0003546099290780142
141,0.00035211267605633805
142,0.00034965034965034965
143,0.00034722222222222224
144,0.0003448275862068966
145,0.00034246575342465754
146,0.00034013605442176874
147,0.00033783783783783786
148,0.00033557046979865775
149,0.0003333333333333334
150,0.00033112582781456954
151,0.0003289473684210526
152,0.00032679738562091506
153,0.00032467532467532473
154,0.0003225806451612903
155,0.0003205128205128205
156,0.00031847133757961787
157,0.00031645569620253165
158,0.0003144654088050315
159,0.00031250000000000006
160,0.00031055900621118014
161,0.00030864197530864197
162,0.00030674846625766873
163,0.00030487804878048786
164,0.00030303030303030303
165,0.00030120481927710846
166,0.00029940119760479047
167,0.00029761904761904765
168,0.0002958579881656805
169,0.00029411764705882356
170,0.00029239766081871346
171,0.00029069767441860465
172,0.00028901734104046245
173,0.00028735632183908046
174,0.00028571428571428574
175,0.00028409090909090913
176,0.0002824858757062147
177,0.0002808988764044944
178,0.0002793296089385475
179,0.0002777777777777778
180,0.00027624309392265195
181,0.0002747252747252748
182,0.000273224043715847
183,0.0002717391304347826
184,0.0002702702702702703
185,0.0002688172043010753
186,0.00026737967914438503
187,0.00026595744680851064
188,0.00026455026455026457
189,0.0002631578947368421
190,0.0002617801047120419
191,0.00026041666666666666
192,0.0002590673575129534
193,0.0002577319587628866
194,0.0002564102564102564
195,0.0002551020408163265
196,0.0002538071065989848
197,0.0002525252525252526
198,0.0002512562814070352
199,0.00025
200,0.0002487562189054726
201,0.00024752475247524753
202,0.00024630541871921186
203,0.00024509803921568627
204,0.00024390243902439024
205,0.00024271844660194174
206,0.00024154589371980676
207,0.0002403846153846154
208,0.00023923444976076556
209,0.00023809523809523812
210,0.0002369668246445498
211,0.0002358490566037736
212,0.0002347417840375587
213,0.0002336448598130841
214,0.00023255813953488373
215,0.0002314814814814815
216,0.0002304147465437788
217,0.00022935779816513763
218,0.00022831050228310502
219,0.00022727272727272727
220,0.00022624434389140275
221,0.00022522522522522523
222,0.0002242152466367713
223,0.0002232142857142857
224,0.00022222222222222223
225,0.00022123893805309734
226,0.00022026431718061678
227,0.0002192982456140351
228,0.0002183406113537118
229,0.0002173913043478261
230,0.00021645021645021645
231,0.00021551724137931034
232,0.0002145922746781116
233,0.0002136752136752137
234,0.00021276595744680854
235,0.00021186440677966104
236,0.0002109704641350211
237,0.0002100840336134454
238,0.00020920502092050208
239,0.00020833333333333335
240,0.00020746887966804981
241,0.0002066115702479339
242,0.000205761316872428
243,0.00020491803278688527
244,0.00020408163265306126
245,0.00020325203252032523
246,0.00020242914979757087
247,0.00020161290322580645
248,0.0002008032128514056
249,0.0002
250,0.00019920318725099602
251,0.0001984126984126984
252,0.0001976284584980237
253,0.0001968503937007874
254,0.00019607843137254904
255,0.0001953125
256,0.0001945525291828794
257,0.0001937984496124031
258,0.00019305019305019308
259,0.00019230769230769233
260,0.00019157088122605365
261,0.00019083969465648855
262,0.00019011406844106465
263,0.00018939393939393942
264,0.00018867924528301889
265,0.00018796992481203009
266,0.00018726591760299626
267,0.00018656716417910448
268,0.0001858736059479554
269,0.0001851851851851852
270,0.00018450184501845018
271,0.0001838235294117647
272,0.00018315018315018315
273,0.00018248175182481753
274,0.00018181818181818183
275,0.00018115942028985507
276,0.0001805054151624549
277,0.0001798561151079137
278,0.00017921146953405018
279,0.00017857142857142857
280,0.00017793594306049823
281,0.0001773049645390071
282,0.000176678445229682
283,0.00017605633802816902
284,0.00017543859649122808
285,0.00017482517482517483
286,0.00017421602787456446
287,0.00017361111111111112
288,0.0001730103806228374
289,0.0001724137931034483
290,0.0001718213058419244
291,0.00017123287671232877
292,0.00017064846416382253
293,0.00017006802721088437
294,0.00016949152542372882
295,0.00016891891891891893
296,0.00016835016835016836
297,0.00016778523489932888
298,0.00016722408026755855
299,0.0001666666666666667
300,0.00016611295681063124
301,0.00016556291390728477
302,0.00016501650165016502
303,0.0001644736842105263
304,0.0001639344262295082
305,0.00016339869281045753
306,0.00016286644951140066
307,0.00016233766233766236
308,0.00016181229773462786
309,0.00016129032258064516
310,0.0001607717041800643
311,0.00016025641025641026
312,0.0001597444089456869
313,0.00015923566878980894
314,0.00015873015873015873
315,0.00015822784810126583
316,0.0001577287066246057
317,0.00015723270440251574
318,0.00015673981191222572
319,0.00015625000000000003
320,0.00015576323987538941
321,0.00015527950310559007
322,0.00015479876160990713
323,0.00015432098765432098
324,0.00015384615384615385
325,0.00015337423312883436
326,0.00015290519877675843
327,0.00015243902439024393
328,0.00015197568389057752
329,0.00015151515151515152
330,0.00015105740181268882
331,0.00015060240963855423
332,0.00015015015015015017
333,0.00014970059880239523
334,0.00014925373134328358
335,0.00014880952380952382
336,0.00014836795252225521
337,0.00014792899408284024
338,0.00014749262536873156
339,0.00014705882352941178
340,0.0001466275659824047
341,0.00014619883040935673
342,0.0001457725947521866
343,0.00014534883720930232
344,0.00014492753623188405
345,0.00014450867052023122
346,0.00014409221902017292
347,0.00014367816091954023
348,0.00014326647564469913
349,0.00014285714285714287
350,0.00014245014245014247
351,0.00014204545454545457
352,0.000141643059490085
353,0.00014124293785310735
354,0.00014084507042253522
355,0.0001404494382022472
356,0.0001400560224089636
357,0.00013966480446927376
358,0.0001392757660167131
359,0.0001388888888888889
360,0.00013850415512465375
361,0.00013812154696132598
362,0.00013774104683195594
363,0.0001373626373626374
364,0.00013698630136986303
365,0.0001366120218579235
366,0.00013623978201634878
367,0.0001358695652173913
368,0.00013550135501355014
369,0.00013513513513513514
370,0.00013477088948787063
371,0.00013440860215053766
372,0.00013404825737265417
373,0.00013368983957219252
374,0.00013333333333333334
375,0.00013297872340425532
376,0.0001326259946949602
377,0.00013227513227513228
378,0.00013192612137203166
379,0.00013157894736842105
380,0.00013123359580052493
381,0.00013089005235602096
382,0.00013054830287206266
383,0.00013020833333333333
384,0.00012987012987012987
385,0.0001295336787564767
386,0.00012919896640826875
387,0.0001288659793814433
388,0.00012853470437017994
389,0.0001282051282051282
390,0.00012787723785166242
391,0.00012755102040816325
392,0.00012722646310432573
393,0.0001269035532994924
394,0.00012658227848101267
395,0.0001262626262626263
396,0.00012594458438287153
397,0.0001256281407035176
398,0.00012531328320802005
399,0.000125
400,0.00012468827930174563
401,0.0001243781094527363
402,0.00012406947890818859
403,0.00012376237623762376
404,0.0001234567901234568
405,0.00012315270935960593
406,0.00012285012285012285
407,0.00012254901960784314
408,0.00012224938875305625
409,0.00012195121951219512
410,0.00012165450121654502
411,0.00012135922330097087
412,0.00012106537530266345
413,0.00012077294685990338
414,0.0001204819277108434
415,0.0001201923076923077
416,0.00011990407673860912
417,0.00011961722488038278
418,0.00011933174224343677
419,0.00011904761904761906
420,0.00011876484560570073
421,0.0001184834123222749
422,0.0001182033096926714
423,0.0001179245283018868
424,0.0001176470588235294
425,0.00011737089201877935
426,0.000117096018735363
427,0.00011682242990654205
428,0.00011655011655011655
429,0.00011627906976744187
430,0.0001160092807424594
431,0.00011574074074074075
432,0.00011547344110854503
433,0.0001152073732718894
434,0.00011494252873563219
435,0.00011467889908256881
436,0.00011441647597254005
437,0.00011415525114155251
438,0.00011389521640091117
439,0.00011363636363636364
440,0.00011337868480725624
441,0.00011312217194570138
442,0.0001128668171557562
443,0.00011261261261261261
444,0.00011235955056179777
445,0.00011210762331838565
446,0.00011185682326621924
447,0.00011160714285714285
448,0.00011135857461024499
449,0.00011111111111111112
450,0.00011086474501108647
451,0.00011061946902654867
452,0.00011037527593818985
453,0.00011013215859030839
454,0.00010989010989010989
455,0.00010964912280701755
456,0.00010940919037199125
457,0.0001091703056768559
458,0.00010893246187363835
459,0.00010869565217391305
460,0.00010845986984815619
461,0.00010822510822510823
462,0.00010799136069114472
463,0.00010775862068965517
464,0.00010752688172043011
465,0.0001072961373390558
466,0.00010706638115631693
467,0.00010683760683760685
468,0.00010660980810234542
469,0.00010638297872340427
470,0.00010615711252653928
471,0.00010593220338983052
472,0.00010570824524312897
473,0.00010548523206751055
474,0.00010526315789473685
475,0.0001050420168067227
476,0.00010482180293501049
477,0.00010460251046025104
478,0.00010438413361169102
479,0.00010416666666666667
480,0.00010395010395010396
481,0.00010373443983402491
482,0.00010351966873706005
483,0.00010330578512396695
484,0.00010309278350515464
485,0.000102880658436214
486,0.00010266940451745381
487,0.00010245901639344264
488,0.00010224948875255625
489,0.00010204081632653063
490,0.00010183299389002036
491,0.00010162601626016262
492,0.00010141987829614604
493,0.00010121457489878543
494,0.00010101010101010101
495,0.00010080645161290323
496,0.0001006036217303823
497,0.0001004016064257028
498,0.0001002004008016032
499,0.0001
500,9.98003992015968e-05
501,9.960159362549801e-05
502,9.940357852882703e-05
503,9.92063492063492e-05
504,9.900990099009902e-05
505,9.881422924901186e-05
506,9.861932938856017e-05
507,9.84251968503937e-05
508,9.823182711198428e-05
509,9.803921568627452e-05
510,9.784735812133073e-05
511,9.765625e-05
512,9.746588693957115e-05
513,9.72762645914397e-05
514,9.70873786407767e-05
515,9.689922480620155e-05
516,9.671179883945843e-05
517,9.652509652509654e-05
518,9.633911368015414e-05
519,9.615384615384617e-05
520,9.596928982725528e-05
521,9.578544061302682e-05
522,9.560229445506692e-05
523,9.541984732824427e-05
524,9.523809523809524e-05
525,9.505703422053233e-05
526,9.487666034155599e-05
527,9.469696969696971e-05
528,9.45179584120983e-05
529,9.433962264150944e-05
530,9.416195856873823e-05
531,9.398496240601504e-05
532,9.380863039399625e-05
533,9.363295880149813e-05
534,9.345794392523365e-05
535,9.328358208955224e-05
536,9.31098696461825e-05
537,9.29368029739777e-05
538,9.27643784786642e-05
539,9.25925925925926e-05
540,9.242144177449169e-05
541,9.225092250922509e-05
542,9.208103130755066e-05
543,9.191176470588235e-05
544,9.174311926605506e-05
545,9.157509157509158e-05
546,9.140767824497258e-05
547,9.124087591240877e-05
548,9.107468123861566e-05
549,9.090909090909092e-05
550,9.074410163339384e-05
551,9.057971014492754e-05
552,9.041591320072333e-05
553,9.025270758122745e-05
554,9.009009009009009e-05
555,8.992805755395685e-05
556,8.976660682226212e-05
557,8.960573476702509e-05
558,8.94454382826476e-05
559,8.928571428571429e-05
560,8.9126559714795e-05
561,8.896797153024912e-05
562,8.880994671403198e-05
563,8.865248226950355e-05
564,8.849557522123894e-05
565,8.8339222614841e-05
566,8.818342151675486e-05
567,8.802816901408451e-05
568,8.787346221441125e-05
569,8.771929824561404e-05
570,8.756567425569177e-05
571,8.741258741258741e-05
572,8.726003490401397e-05
573,8.710801393728223e-05
574,8.695652173913044e-05
575,8.680555555555556e-05
576,8.665511265164645e-05
577,8.65051903114187e-05
578,8.635578583765112e-05
579,8.620689655172414e-05
580,8.605851979345956e-05
581,8.59106529209622e-05
582,8.576329331046313e-05
583,8.561643835616438e-05
584,8.547008547008547e-05
585,8.532423208191126e-05
586,8.517887563884158e-05
587,8.503401360544218e-05
588,8.488964346349746e-05
589,8.474576271186441e-05
590,8.460236886632826e-05
591,8.445945945945946e-05
592,8.431703204047218e-05
593,8.417508417508418e-05
594,8.403361344537817e-05
595,8.389261744966444e-05
596,8.375209380234506e-05
597,8.361204013377927e-05
598,8.347245409015026e-05
599,8.333333333333334e-05
600,8.319467554076539e-05
601,8.305647840531562e-05
602,8.291873963515756e-05
603,8.278145695364238e-05
604,8.264462809917356e-05
605,8.250825082508251e-05
606,8.237232289950578e-05
607,8.223684210526316e-05
608,8.210180623973728e-05
609,8.19672131147541e-05
610,8.183306055646482e-05
611,8.169934640522877e-05
612,8.156606851549757e-05
613,8.143322475570033e-05
614,8.130081300813008e-05
615,8.116883116883118e-05
616,8.103727714748785e-05
617,8.090614886731393e-05
618,8.077544426494346e-05
619,8.064516129032258e-05
620,8.051529790660226e-05
621,8.038585209003216e-05
622,8.025682182985554e-05
623,8.012820512820513e-05
624,8e-05
625,7.987220447284345e-05
626,7.974481658692186e-05
627,7.961783439490447e-05
628,7.949125596184421e-05
629,7.936507936507937e-05
630,7.92393026941363e-05
631,7.911392405063291e-05
632,7.898894154818326e-05
633,7.886435331230284e-05
634,7.874015748031497e-05
635,7.861635220125787e-05
636,7.84929356357928e-05
637,7.836990595611286e-05
638,7.82472613458529e-05
639,7.812500000000002e-05
640,7.8003120124805e-05
641,7.788161993769471e-05
642,7.776049766718508e-05
643,7.763975155279503e-05
644,7.751937984496124e-05
645,7.739938080495357e-05
646,7.727975270479135e-05
647,7.716049382716049e-05
648,7.704160246533128e-05
649,7.692307692307693e-05
650,7.680491551459293e-05
651,7.668711656441718e-05
652,7.65696784073507e-05
653,7.645259938837921e-05
654,7.633587786259542e-05
655,7.621951219512196e-05
656,7.610350076103501e-05
657,7.598784194528876e-05
658,7.587253414264038e-05
659,7.575757575757576e-05
660,7.564296520423601e-05
661,7.552870090634441e-05
662,7.541478129713424e-05
663,7.530120481927712e-05
664,7.518796992481204e-05
665,7.507507507507509e-05
666,7.49625187406297e-05
667,7.485029940119762e-05
668,7.473841554559044e-05
669,7.462686567164179e-05
670,7.451564828614009e-05
671,7.440476190476191e-05
672,7.429420505200595e-05
673,7.418397626112761e-05
674,7.407407407407407e-05
675,7.396449704142012e-05
676,7.385524372230429e-05
677,7.374631268436578e-05
678,7.36377025036819e-05
679,7.352941176470589e-05
680,7.342143906020558e-05
681,7.331378299120235e-05
682,7.320644216691069e-05
683,7.309941520467836e-05
684,7.2992700729927e-05
685,7.28862973760933e-05
686,7.27802037845706e-05
687,7.267441860465116e-05
688,7.25689404934688e-05
689,7.246376811594203e-05
690,7.23589001447178e-05
691,7.225433526011561e-05
692,7.215007215007215e-05
693,7.204610951008646e-05
694,7.194244604316547e-05
695,7.183908045977011e-05
696,7.173601147776185e-05
697,7.163323782234957e-05
698,7.15307582260372e-05
699,7.142857142857143e-05
700,7.132667617689016e-05
701,7.122507122507123e-05
702,7.112375533428166e-05
703,7.102272727272728e-05
704,7.092198581560285e-05
705,7.08215297450425e-05
706,7.072135785007073e-05
707,7.062146892655367e-05
708,7.052186177715091e-05
709,7.042253521126761e-05
710,7.032348804500703e-05
711,7.02247191011236e-05
712,7.012622720897616e-05
713,7.00280112044818e-05
714,6.993006993006993e-05
715,6.983240223463688e-05
716,6.97350069735007e-05
717,6.963788300835655e-05
718,6.954102920723227e-05
719,6.944444444444444e-05
720,6.934812760055478e-05
721,6.925207756232688e-05
722,6.915629322268328e-05
723,6.906077348066299e-05
724,6.896551724137931e-05
725,6.887052341597797e-05
726,6.87757909215956e-05
727,6.86813186813187e-05
728,6.858710562414266e-05
729,6.849315068493152e-05
730,6.839945280437756e-05
731,6.830601092896175e-05
732,6.821282401091406e-05
733,6.811989100817439e-05
734,6.802721088435374e-05
735,6.793478260869565e-05
736,6.784260515603798e-05
737,6.775067750677507e-05
738,6.765899864682003e-05
739,6.756756756756757e-05
740,6.747638326585695e-05
741,6.738544474393532e-05
742,6.729475100942127e-05
743,6.720430107526883e-05
744,6.711409395973154e-05
745,6.702412868632708e-05
746,6.693440428380188e-05
747,6.684491978609626e-05
748,6.675567423230975e-05
749,6.666666666666667e-05
750,6.657789613848203e-05
751,6.648936170212766e-05
752,6.640106241699867e-05
753,6.63129973474801e-05
754,6.622516556291391e-05
755,6.613756613756614e-05
756,6.605019815059445e-05
757,6.596306068601583e-05
758,6.587615283267458e-05
759,6.578947368421052e-05
760,6.57030223390276e-05
761,6.561679790026247e-05
762,6.55307994757536e-05
763,6.544502617801048e-05
764,6.5359477124183e-05
765,6.527415143603133e-05
766,6.51890482398957e-05
767,6.510416666666667e-05
768,6.501950585175553e-05
769,6.493506493506494e-05
770,6.485084306095979e-05
771,6.476683937823835e-05
772,6.46830530401035e-05
773,6.459948320413438e-05
774,6.451612903225807e-05
775,6.443298969072165e-05
776,6.435006435006435e-05
777,6.426735218508997e-05
778,6.418485237483954e-05
779,6.41025641025641e-05
780,6.402048655569782e-05
781,6.393861892583121e-05
782,6.385696040868455e-05
783,6.377551020408162e-05
784,6.369426751592356e-05
785,6.361323155216286e-05
786,6.353240152477765e-05
787,6.34517766497462e-05
788,6.337135614702154e-05
789,6.329113924050633e-05
790,6.321112515802782e-05
791,6.313131313131314e-05
792,6.305170239596469e-05
793,6.297229219143577e-05
794,6.289308176100629e-05
795,6.28140703517588e-05
796,6.273525721455458e-05
797,6.265664160401002e-05
798,6.25782227784731e-05
799,6.25e-05
800,6.242197253433208e-05
801,6.234413965087281e-05
802,6.2266500622665e-05
803,6.218905472636816e-05
804,6.211180124223603e-05
805,6.203473945409429e-05
806,6.195786864931847e-05
807,6.188118811881188e-05
808,6.180469715698392e-05
809,6.17283950617284e-05
810,6.165228113440197e-05
811,6.157635467980296e-05
812,6.150061500615007e-05
813,6.142506142506142e-05
814,6.134969325153375e-05
815,6.127450980392157e-05
816,6.119951040391677e-05
817,6.112469437652813e-05
818,6.105006105006105e-05
819,6.097560975609756e-05
820,6.090133982947625e-05
821,6.082725060827251e-05
822,6.075334143377885e-05
823,6.0679611650485434e-05
824,6.060606060606061e-05
825,6.0532687651331726e-05
826,6.0459492140266024e-05
827,6.038647342995169e-05
828,6.031363088057901e-05
829,6.02409638554217e-05
830,6.0168471720818295e-05
831,6.009615384615385e-05
832,6.002400960384153e-05
833,5.995203836930456e-05
834,5.988023952095808e-05
835,5.980861244019139e-05
836,5.973715651135006e-05
837,5.9665871121718385e-05
838,5.959475566150179e-05
839,5.952380952380953e-05
840,5.945303210463734e-05
841,5.938242280285036e-05
842,5.931198102016608e-05
843,5.924170616113745e-05
844,5.91715976331361e-05
845,5.91016548463357e-05
846,5.90318772136954e-05
847,5.89622641509434e-05
848,5.889281507656066e-05
849,5.88235294117647e-05
850,5.8754406580493536e-05
851,5.868544600938968e-05
852,5.861664712778429e-05
853,5.85480093676815e-05
854,5.847953216374269e-05
855,5.8411214953271024e-05
856,5.834305717619603e-05
857,5.8275058275058275e-05
858,5.820721769499418e-05
859,5.8139534883720933e-05
860,5.8072009291521487e-05
861,5.80046403712297e-05
862,5.793742757821553e-05
863,5.787037037037037e-05
864,5.780346820809249e-05
865,5.7736720554272516e-05
866,5.767012687427913e-05
867,5.76036866359447e-05
868,5.753739930955121e-05
869,5.7471264367816097e-05
870,5.740528128587831e-05
871,5.733944954128441e-05
872,5.7273768613974806e-05
873,5.7208237986270026e-05
874,5.714285714285715e-05
875,5.7077625570776254e-05
876,5.7012542759407075e-05
877,5.6947608200455584e-05
878,5.688282138794084e-05
879,5.681818181818182e-05
880,5.675368898978434e-05
881,5.668934240362812e-05
882,5.6625141562853915e-05
883,5.656108597285069e-05
884,5.6497175141242944e-05
885,5.64334085778781e-05
886,5.636978579481398e-05
887,5.630630630630631e-05
888,5.624296962879641e-05
889,5.6179775280898885e-05
890,5.611672278338946e-05
891,5.6053811659192826e-05
892,5.5991041433370664e-05
893,5.592841163310962e-05
894,5.58659217877095e-05
895,5.580357142857143e-05
896,5.574136008918618e-05
897,5.5679287305122496e-05
898,5.5617352614015575e-05
899,5.555555555555556e-05
900,5.549389567147614e-05
901,5.543237250554324e-05
902,5.5370985603543746e-05
903,5.5309734513274336e-05
904,5.5248618784530394e-05
905,5.518763796909492e-05
906,5.5126791620727676e-05
907,5.5066079295154194e-05
908,5.5005500550055004e-05
909,5.4945054945054945e-05
910,5.488474204171241e-05
911,5.482456140350877e-05
912,5.47645125958379e-05
913,5.4704595185995626e-05
914,5.46448087431694e-05
915,5.458515283842795e-05
916,5.452562704471102e-05
917,5.446623093681918e-05
918,5.44069640914037e-05
919,5.4347826086956524e-05
920,5.428881650380022e-05
921,5.4229934924078095e-05
922,5.417118093174431e-05
923,5.411255411255411e-05
924,5.405405405405406e-05
925,5.399568034557236e-05
926,5.393743257820928e-05
927,5.3879310344827585e-05
928,5.3821313240043054e-05
929,5.3763440860215054e-05
930,5.3705692803437166e-05
931,5.36480686695279e-05
932,5.359056806002144e-05
933,5.353319057815846e-05
934,5.347593582887701e-05
935,5.3418803418803426e-05
936,5.336179295624334e-05
937,5.330490405117271e-05
938,5.324813631522898e-05
939,5.3191489361702134e-05
940,5.313496280552604e-05
941,5.307855626326964e-05
942,5.3022269353128324e-05
943,5.296610169491526e-05
944,5.291005291005292e-05
945,5.2854122621564486e-05
946,5.279831045406547e-05
947,5.2742616033755275e-05
948,5.268703898840885e-05
949,5.2631578947368424e-05
950,5.257623554153523e-05
951,5.252100840336135e-05
952,5.246589716684156e-05
953,5.2410901467505245e-05
954,5.235602094240838e-05
955,5.230125523012552e-05
956,5.224660397074191e-05
957,5.219206680584551e-05
958,5.2137643378519296e-05
959,5.208333333333334e-05
960,5.202913631633716e-05
961,5.197505197505198e-05
962,5.1921079958463136e-05
963,5.1867219917012454e-05
964,5.1813471502590674e-05
965,5.175983436853003e-05
966,5.1706308169596696e-05
967,5.1652892561983477e-05
968,5.159958720330237e-05
969,5.154639175257732e-05
970,5.149330587023687e-05
971,5.1440329218107e-05
972,5.1387461459403907e-05
973,5.1334702258726905e-05
974,5.1282051282051286e-05
975,5.122950819672132e-05
976,5.11770726714432e-05
977,5.1124744376278126e-05
978,5.107252298263535e-05
979,5.1020408163265315e-05
980,5.096839959225281e-05
981,5.091649694501018e-05
982,5.08646998982706e-05
983,5.081300813008131e-05
984,5.076142131979696e-05
985,5.070993914807302e-05
986,5.065856129685917e-05
987,5.060728744939272e-05
988,5.055611729019212e-05
989,5.0505050505050505e-05
990,5.0454086781029264e-05
991,5.040322580645161e-05
992,5.0352467270896274e-05
993,5.030181086519115e-05
994,5.025125628140704e-05
995,5.02008032128514e-05
996,5.015045135406219e-05
997,5.01002004008016e-05
998,5.005005005005005e-05
999,5e-05
1000,4.995004995004995e-05
1001,4.99001996007984e-05
1002,4.9850448654037884e-05
1003,4.9800796812749006e-05
1004,4.9751243781094526e-05
1005,4.9701789264413514e-05
1006,4.965243296921549e-05
1007,4.96031746031746e-05
1008,4.955401387512389e-05
1009,4.950495049504951e-05
1010,4.945598417408506e-05
1011,4.940711462450593e-05
1012,4.935834155972359e-05
1013,4.9309664694280084e-05
1014,4.926108374384236e-05
1015,4.921259842519685e-05
1016,4.916420845624386e-05
1017,4.911591355599214e-05
1018,4.9067713444553486e-05
1019,4.901960784313726e-05
1020,4.897159647404506e-05
1021,4.892367906066536e-05
1022,4.887585532746823e-05
1023,4.8828125e-05
1024,4.878048780487805e-05
1025,4.8732943469785574e-05
1026,4.8685491723466414e-05
1027,4.863813229571985e-05
1028,4.859086491739553e-05
1029,4.854368932038835e-05
1030,4.849660523763337e-05
1031,4.8449612403100775e-05
1032,4.84027105517909e-05
1033,4.835589941972921e-05
1034,4.830917874396135e-05
1035,4.826254826254827e-05
1036,4.8216007714561236e-05
1037,4.816955684007707e-05
1038,4.812319538017325e-05
1039,4.8076923076923084e-05
1040,4.803073967339097e-05
1041,4.798464491362764e-05
1042,4.7938638542665386e-05
1043,4.789272030651341e-05
1044,4.784688995215311e-05
1045,4.780114722753346e-05
1046,4.775549188156638e-05
1047,4.770992366412214e-05
1048,4.766444232602479e-05
1049,4.761904761904762e-05
1050,4.7573739295908665e-05
1051,4.7528517110266163e-05
1052,4.7483380816714154e-05
1053,4.7438330170777995e-05
1054,4.739336492890996e-05
1055,4.7348484848484855e-05
1056,4.730368968779565e-05
1057,4.725897920604915e-05
1058,4.7214353163361666e-05
1059,4.716981132075472e-05
1060,4.7125353440150804e-05
1061,4.7080979284369114e-05
1062,4.703668861712136e-05
1063,4.699248120300752e-05
1064,4.694835680751174e-05
1065,4.6904315196998124e-05
1066,4.6860356138706655e-05
1067,4.6816479400749066e-05
1068,4.6772684752104775e-05
1069,4.672897196261683e-05
1070,4.6685340802987865e-05
1071,4.664179104477612e-05
1072,4.659832246039143e-05
1073,4.655493482309125e-05
1074,4.651162790697675e-05
1075,4.646840148698885e-05
1076,4.642525533890437e-05
1077,4.63821892393321e-05
1078,4.6339202965708996e-05
1079,4.62962962962963e-05
1080,4.625346901017577e-05
1081,4.6210720887245846e-05
1082,4.616805170821792e-05
1083,4.6125461254612545e-05
1084,4.608294930875576e-05
1085,4.604051565377533e-05
1086,4.599816007359706e-05
1087,4.5955882352941176e-05
1088,4.5913682277318646e-05
1089,4.587155963302753e-05
1090,4.5829514207149406e-05
1091,4.578754578754579e-05
1092,4.574565416285453e-05
1093,4.570383912248629e-05
1094,4.5662100456621006e-05
1095,4.5620437956204383e-05
1096,4.5578851412944395e-05
1097,4.553734061930783e-05
1098,4.5495905368516835e-05
1099,4.545454545454546e-05
1100,4.541326067211626e-05
1101,4.537205081669692e-05
1102,4.533091568449683e-05
1103,4.528985507246377e-05
1104,4.524886877828055e-05
1105,4.5207956600361664e-05
1106,4.516711833785005e-05
1107,4.512635379061372e-05
1108,4.508566275924256e-05
1109,4.5045045045045046e-05
1110,4.5004500450045e-05
1111,4.4964028776978425e-05
1112,4.492362982929021e-05
1113,4.488330341113106e-05
1114,4.4843049327354265e-05
1115,4.4802867383512545e-05
1116,4.476275738585497e-05
1117,4.47227191413238e-05
1118,4.468275245755139e-05
1119,4.464285714285714e-05
1120,4.460303300624443e-05
1121,4.45632798573975e-05
1122,4.452359750667854e-05
1123,4.448398576512456e-05
1124,4.4444444444444447e-05
1125,4.440497335701599e-05
1126,4.4365572315882877e-05
1127,4.4326241134751776e-05
1128,4.4286979627989374e-05
1129,4.424778761061947e-05
1130,4.420866489832007e-05
1131,4.41696113074205e-05
1132,4.4130626654898504e-05
1133,4.409171075837743e-05
1134,4.405286343612335e-05
1135,4.4014084507042256e-05
1136,4.397537379067723e-05
1137,4.393673110720563e-05
1138,4.389815627743635e-05
1139,4.385964912280702e-05
1140,4.382120946538125e-05
1141,4.3782837127845886e-05
1142,4.3744531933508315e-05
1143,4.3706293706293706e-05
1144,4.366812227074236e-05
1145,4.363001745200698e-05
1146,4.359197907585005e-05
1147,4.3554006968641115e-05
1148,4.351610095735422e-05
1149,4.347826086956522e-05
1150,4.3440486533449174e-05
1151,4.340277777777778e-05
1152,4.336513443191674e-05
1153,4.3327556325823225e-05
1154,4.329004329004329e-05
1155,4.325259515570935e-05
1156,4.32152117545376e-05
1157,4.317789291882556e-05
1158,4.314063848144953e-05
1159,4.310344827586207e-05
1160,4.306632213608958e-05
1161,4.302925989672978e-05
1162,4.2992261392949275e-05
1163,4.29553264604811e-05
1164,4.291845493562232e-05
1165,4.2881646655231564e-05
1166,4.284490145672665e-05
1167,4.280821917808219e-05
1168,4.2771599657827206e-05
1169,4.2735042735042735e-05
1170,4.269854824935952e-05
1171,4.266211604095563e-05
1172,4.262574595055414e-05
1173,4.258943781942079e-05
1174,4.2553191489361704e-05
1175,4.251700680272109e-05
1176,4.2480883602378934e-05
1177,4.244482173174873e-05
1178,4.240882103477523e-05
1179,4.2372881355932206e-05
1180,4.2337002540220155e-05
1181,4.230118443316413e-05
1182,4.22654268808115e-05
1183,4.222972972972973e-05
1184,4.2194092827004224e-05
1185,4.215851602023609e-05
1186,4.212299915754002e-05
1187,4.208754208754209e-05
1188,4.2052144659377626e-05
1189,4.2016806722689084e-05
1190,4.1981528127623844e-05
1191,4.194630872483222e-05
1192,4.191114836546522e-05
1193,4.187604690117253e-05
1194,4.184100418410042e-05
1195,4.180602006688964e-05
1196,4.177109440267335e-05
1197,4.173622704507513e-05
1198,4.170141784820684e-05
1199,4.166666666666667e-05
1200,4.1631973355537055e-05
1201,4.1597337770382697e-05
1202,4.156275976724855e-05
1203,4.152823920265781e-05
1204,4.149377593360996e-05
1205,4.145936981757878e-05
1206,4.142502071251036e-05
1207,4.139072847682119e-05
1208,4.1356492969396195e-05
1209,4.132231404958678e-05
1210,4.128819157720892e-05
1211,4.1254125412541255e-05
1212,4.122011541632317e-05
1213,4.118616144975289e-05
1214,4.11522633744856e-05
1215,4.111842105263158e-05
1216,4.108463434675431e-05
1217,4.105090311986864e-05
1218,4.101722723543889e-05
1219,4.098360655737705e-05
1220,4.095004095004096e-05
1221,4.091653027823241e-05
1222,4.0883074407195427e-05
1223,4.084967320261438e-05
1224,4.081632653061225e-05
1225,4.0783034257748784e-05
1226,4.0749796251018746e-05
1227,4.0716612377850165e-05
1228,4.068348250610253e-05
1229,4.065040650406504e-05
1230,4.061738424045492e-05
1231,4.058441558441559e-05
1232,4.055150040551501e-05
1233,4.0518638573743926e-05
1234,4.048582995951417e-05
1235,4.0453074433656965e-05
1236,4.0420371867421184e-05
1237,4.038772213247173e-05
1238,4.0355125100887815e-05
1239,4.032258064516129e-05
1240,4.0290088638195005e-05
1241,4.025764895330113e-05
1242,4.0225261464199516e-05
1243,4.019292604501608e-05
1244,4.016064257028113e-05
1245,4.012841091492777e-05
1246,4.0096230954290296e-05
1247,4.0064102564102564e-05
1248,4.00320256204964e-05
1249,4e-05
1250,3.9968025579536374e-05
1251,3.9936102236421726e-05
1252,3.990422984836393e-05
1253,3.987240829346093e-05
1254,3.9840637450199205e-05
1255,3.9808917197452234e-05
1256,3.977724741447892e-05
1257,3.9745627980922105e-05
1258,3.971405877680699e-05
1259,3.968253968253968e-05
1260,3.965107057890563e-05
1261,3.961965134706815e-05
1262,3.9588281868566906e-05
1263,3.9556962025316456e-05
1264,3.9525691699604744e-05
1265,3.949447077409163e-05
1266,3.946329913180742e-05
1267,3.943217665615142e-05
1268,3.940110323089047e-05
1269,3.9370078740157485e-05
1270,3.933910306845004e-05
1271,3.9308176100628936e-05
1272,3.927729772191674e-05
1273,3.92464678178964e-05
1274,3.9215686274509805e-05
1275,3.918495297805643e-05
1276,3.9154267815191856e-05
1277,3.912363067292645e-05
1278,3.909304143862393e-05
1279,3.906250000000001e-05
1280,3.9032006245121e-05
1281,3.90015600624025e-05
1282,3.897116134060795e-05
1283,3.8940809968847354e-05
1284,3.891050583657588e-05
1285,3.888024883359254e-05
1286,3.885003885003885e-05
1287,3.881987577639752e-05
1288,3.878975950349108e-05
1289,3.875968992248062e-05
1290,3.872966692486445e-05
1291,3.869969040247678e-05
1292,3.866976024748647e-05
1293,3.8639876352395674e-05
1294,3.861003861003861e-05
1295,3.8580246913580246e-05
1296,3.855050115651504e-05
1297,3.852080123266564e-05
1298,3.849114703618168e-05
1299,3.846153846153846e-05
1300,3.8431975403535745e-05
1301,3.840245775729647e-05
1302,3.8372985418265546e-05
1303,3.834355828220859e-05
1304,3.831417624521073e-05
1305,3.828483920367535e-05
1306,3.825554705432288e-05
1307,3.822629969418961e-05
1308,3.819709702062644e-05
1309,3.816793893129771e-05
1310,3.813882532418002e-05
1311,3.810975609756098e-05
1312,3.8080731150038084e-05
1313,3.805175038051751e-05
1314,3.802281368821293e-05
1315,3.799392097264438e-05
1316,3.7965072133637056e-05
1317,3.793626707132019e-05
1318,3.7907505686125855e-05
1319,3.787878787878788e-05
1320,3.785011355034065e-05
1321,3.782148260211801e-05
1322,3.7792894935752085e-05
1323,3.7764350453172205e-05
1324,3.7735849056603776e-05
1325,3.770739064856712e-05
1326,3.767897513187642e-05
1327,3.765060240963856e-05
1328,3.762227238525207e-05
1329,3.759398496240602e-05
1330,3.756574004507889e-05
1331,3.753753753753754e-05
1332,3.7509377344336085e-05
1333,3.748125937031485e-05
1334,3.745318352059925e-05
1335,3.742514970059881e-05
1336,3.7397157816005985e-05
1337,3.736920777279522e-05
1338,3.734129947722181e-05
1339,3.7313432835820896e-05
1340,3.728560775540641e-05
1341,3.7257824143070045e-05
1342,3.72300819061802e-05
1343,3.7202380952380956e-05
1344,3.717472118959108e-05
1345,3.7147102526002975e-05
1346,3.7119524870081664e-05
1347,3.7091988130563804e-05
1348,3.7064492216456636e-05
1349,3.7037037037037037e-05
1350,3.700962250185048e-05
1351,3.698224852071006e-05
1352,3.695491500369549e-05
1353,3.6927621861152146e-05
1354,3.690036900369004e-05
1355,3.687315634218289e-05
1356,3.6845983787767136e-05
1357,3.681885125184095e-05
1358,3.679175864606328e-05
1359,3.6764705882352945e-05
1360,3.673769287288758e-05
1361,3.671071953010279e-05
1362,3.668378576669113e-05
1363,3.665689149560117e-05
1364,3.663003663003663e-05
1365,3.6603221083455344e-05
1366,3.65764447695684e-05
1367,3.654970760233918e-05
1368,3.6523009495982474e-05
1369,3.64963503649635e-05
1370,3.646973012399708e-05
1371,3.644314868804665e-05
1372,3.6416605972323384e-05
1373,3.63901018922853e-05
1374,3.6363636363636364e-05
1375,3.633720930232558e-05
1376,3.6310820624546116e-05
1377,3.62844702467344e-05
1378,3.625815808556926e-05
1379,3.6231884057971014e-05
1380,3.620564808110065e-05
1381,3.61794500723589e-05
1382,3.6153289949385395e-05
1383,3.6127167630057806e-05
1384,3.610108303249098e-05
1385,3.6075036075036075e-05
1386,3.604902667627974e-05
1387,3.602305475504323e-05
1388,3.599712023038157e-05
1389,3.597122302158273e-05
1390,3.594536304816679e-05
1391,3.591954022988506e-05
1392,3.5893754486719313e-05
1393,3.5868005738880924e-05
1394,3.5842293906810036e-05
1395,3.581661891117478e-05
1396,3.579098067287044e-05
1397,3.57653791130186e-05
1398,3.573981415296641e-05
1399,3.571428571428572e-05
1400,3.568879371877231e-05
1401,3.566333808844508e-05
1402,3.563791874554526e-05
1403,3.561253561253562e-05
1404,3.558718861209965e-05
1405,3.556187766714083e-05
1406,3.5536602700781806e-05
1407,3.551136363636364e-05
1408,3.5486160397445e-05
1409,3.5460992907801425e-05
1410,3.5435861091424526e-05
1411,3.541076487252125e-05
1412,3.5385704175513094e-05
1413,3.5360678925035366e-05
1414,3.53356890459364e-05
1415,3.531073446327684e-05
1416,3.5285815102328866e-05
1417,3.5260930888575456e-05
1418,3.5236081747709655e-05
1419,3.5211267605633805e-05
1420,3.518648838845883e-05
1421,3.516174402250352e-05
1422,3.513703443429375e-05
1423,3.51123595505618e-05
1424,3.508771929824561e-05
1425,3.506311360448808e-05
1426,3.50385423966363e-05
1427,3.50140056022409e-05
1428,3.4989503149055284e-05
1429,3.4965034965034965e-05
1430,3.4940600978336826e-05
1431,3.491620111731844e-05
1432,3.4891835310537335e-05
1433,3.486750348675035e-05
1434,3.484320557491289e-05
1435,3.4818941504178274e-05
1436,3.479471120389701e-05
1437,3.4770514603616136e-05
1438,3.4746351633078526e-05
1439,3.472222222222222e-05
1440,3.469812630117974e-05
1441,3.467406380027739e-05
1442,3.4650034650034654e-05
1443,3.462603878116344e-05
1444,3.460207612456748e-05
1445,3.457814661134164e-05
1446,3.4554250172771254e-05
1447,3.4530386740331494e-05
1448,3.450655624568668e-05
1449,3.4482758620689657e-05
1450,3.445899379738112e-05
1451,3.4435261707988984e-05
1452,3.441156228492774e-05
1453,3.43878954607978e-05
1454,3.4364261168384884e-05
1455,3.434065934065935e-05
1456,3.4317089910775565e-05
1457,3.429355281207133e-05
1458,3.427004797806717e-05
1459,3.424657534246576e-05
1460,3.4223134839151266e-05
1461,3.419972640218878e-05
1462,3.4176349965823654e-05
1463,3.4153005464480874e-05
1464,3.4129692832764505e-05
1465,3.410641200545703e-05
1466,3.408316291751875e-05
1467,3.4059945504087195e-05
1468,3.4036759700476515e-05
1469,3.401360544217687e-05
1470,3.399048266485384e-05
1471,3.3967391304347826e-05
1472,3.394433129667346e-05
1473,3.392130257801899e-05
1474,3.389830508474577e-05
1475,3.3875338753387534e-05
1476,3.3852403520649966e-05
1477,3.3829499323410016e-05
1478,3.380662609871535e-05
1479,3.3783783783783784e-05
1480,3.3760972316002705e-05
1481,3.3738191632928474e-05
1482,3.371544167228591e-05
1483,3.369272237196766e-05
1484,3.3670033670033675e-05
1485,3.364737550471064e-05
1486,3.362474781439139e-05
1487,3.3602150537634415e-05
1488,3.35795836131632e-05
1489,3.355704697986577e-05
1490,3.35345405767941e-05
1491,3.351206434316354e-05
1492,3.348961821835231e-05
1493,3.346720214190094e-05
1494,3.3444816053511705e-05
1495,3.342245989304813e-05
1496,3.340013360053441e-05
1497,3.3377837116154874e-05
1498,3.33555703802535e-05
1499,3.3333333333333335e-05
1500,3.331112591605596e-05
1501,3.328894806924102e-05
1502,3.326679973386561e-05
1503,3.324468085106383e-05
1504,3.322259136212625e-05
1505,3.3200531208499335e-05
1506,3.3178500331785e-05
1507,3.315649867374005e-05
1508,3.313452617627568e-05
1509,3.3112582781456954e-05
1510,3.309066843150232e-05
1511,3.306878306878307e-05
1512,3.304692663582287e-05
1513,3.3025099075297225e-05
1514,3.300330033003301e-05
1515,3.2981530343007914e-05
1516,3.295978905735003e-05
1517,3.293807641633729e-05
1518,3.291639236339697e-05
1519,3.289473684210526e-05
1520,3.2873109796186725e-05
1521,3.28515111695138e-05
1522,3.2829940906106365e-05
1523,3.280839895013123e-05
1524,3.278688524590164e-05
1525,3.27653997378768e-05
1526,3.274394237066143e-05
1527,3.272251308900524e-05
1528,3.270111183780249e-05
1529,3.26797385620915e-05
1530,3.2658393207054215e-05
1531,3.2637075718015665e-05
1532,3.2615786040443576e-05
1533,3.259452411994785e-05
1534,3.2573289902280134e-05
1535,3.255208333333333e-05
1536,3.2530904359141185e-05
1537,3.250975292587776e-05
1538,3.248862897985705e-05
1539,3.246753246753247e-05
1540,3.244646333549643e-05
1541,3.2425421530479896e-05
1542,3.2404406999351915e-05
1543,3.2383419689119176e-05
1544,3.236245954692557e-05
1545,3.234152652005175e-05
1546,3.2320620555914674e-05
1547,3.229974160206719e-05
1548,3.227888960619754e-05
1549,3.2258064516129034e-05
1550,3.223726627981947e-05
1551,3.2216494845360825e-05
1552,3.219575016097875e-05
1553,3.217503217503217e-05
1554,3.2154340836012867e-05
1555,3.2133676092544985e-05
1556,3.2113037893384715e-05
1557,3.209242618741977e-05
1558,3.2071840923669015e-05
1559,3.205128205128205e-05
1560,3.2030749519538757e-05
1561,3.201024327784891e-05
1562,3.198976327575176e-05
1563,3.1969309462915605e-05
1564,3.194888178913738e-05
1565,3.192848020434228e-05
1566,3.1908104658583286e-05
1567,3.188775510204081e-05
1568,3.1867431485022305e-05
1569,3.184713375796178e-05
1570,3.182686187141948e-05
1571,3.180661577608143e-05
1572,3.178639542275906e-05
1573,3.1766200762388824e-05
1574,3.1746031746031745e-05
1575,3.17258883248731e-05
1576,3.170577045022194e-05
1577,3.168567807351077e-05
1578,3.166561114629513e-05
1579,3.1645569620253167e-05
1580,3.162555344718533e-05
1581,3.160556257901391e-05
1582,3.158559696778269e-05
1583,3.156565656565657e-05
1584,3.154574132492114e-05
1585,3.1525851197982345e-05
1586,3.15059861373661e-05
1587,3.148614609571788e-05
1588,3.14663310258024e-05
1589,3.144654088050314e-05
1590,3.1426775612822124e-05
1591,3.14070351758794e-05
1592,3.138731952291275e-05
1593,3.136762860727729e-05
1594,3.134796238244514e-05
1595,3.132832080200501e-05
1596,3.1308703819661866e-05
1597,3.128911138923655e-05
1598,3.1269543464665416e-05
1599,3.125e-05
1600,3.123048094940662e-05
1601,3.121098626716604e-05
1602,3.1191515907673116e-05
1603,3.117206982543641e-05
1604,3.115264797507789e-05
1605,3.11332503113325e-05
1606,3.111387678904792e-05
1607,3.109452736318408e-05
1608,3.1075201988812927e-05
1609,3.1055900621118014e-05
1610,3.1036623215394166e-05
1611,3.1017369727047146e-05
1612,3.0998140111593304e-05
1613,3.0978934324659233e-05
1614,3.0959752321981425e-05
1615,3.094059405940594e-05
1616,3.0921459492888065e-05
1617,3.090234857849196e-05
1618,3.088326127239037e-05
1619,3.08641975308642e-05
1620,3.0845157310302283e-05
1621,3.0826140567200985e-05
1622,3.08071472581639e-05
1623,3.078817733990148e-05
1624,3.0769230769230774e-05
1625,3.0750307503075034e-05
1626,3.073140749846343e-05
1627,3.071253071253071e-05
1628,3.069367710251688e-05
1629,3.067484662576687e-05
1630,3.0656039239730225e-05
1631,3.0637254901960784e-05
1632,3.0618493570116355e-05
1633,3.0599755201958386e-05
1634,3.0581039755351684e-05
1635,3.056234718826406e-05
1636,3.0543677458766035e-05
1637,3.0525030525030525e-05
1638,3.050640634533252e-05
1639,3.048780487804878e-05
1640,3.0469226081657528e-05
1641,3.0450669914738125e-05
1642,3.043213633597079e-05
1643,3.0413625304136255e-05
1644,3.0395136778115506e-05
1645,3.0376670716889426e-05
1646,3.035822707953856e-05
1647,3.0339805825242717e-05
1648,3.0321406913280777e-05
1649,3.0303030303030306e-05
1650,3.0284675953967292e-05
1651,3.0266343825665863e-05
1652,3.0248033877797946e-05
1653,3.0229746070133012e-05
1654,3.0211480362537764e-05
1655,3.0193236714975845e-05
1656,3.0175015087507546e-05
1657,3.0156815440289505e-05
1658,3.0138637733574443e-05
1659,3.012048192771085e-05
1660,3.0102347983142685e-05
1661,3.0084235860409147e-05
1662,3.006614552014432e-05
1663,3.0048076923076925e-05
1664,3.003003003003003e-05
1665,3.0012004801920766e-05
1666,2.9994001199760046e-05
1667,2.997601918465228e-05
1668,2.9958058717795088e-05
1669,2.994011976047904e-05
1670,2.9922202274087375e-05
1671,2.9904306220095695e-05
1672,2.9886431560071728e-05
1673,2.986857825567503e-05
1674,2.9850746268656717e-05
1675,2.9832935560859193e-05
1676,2.9815146094215862e-05
1677,2.9797377830750894e-05
1678,2.977963073257892e-05
1679,2.9761904761904765e-05
1680,2.9744199881023203e-05
1681,2.972651605231867e-05
1682,2.9708853238265006e-05
1683,2.969121140142518e-05
1684,2.967359050445104e-05
1685,2.965599051008304e-05
1686,2.963841138114997e-05
1687,2.9620853080568725e-05
1688,2.960331557134399e-05
1689,2.958579881656805e-05
1690,2.9568302779420465e-05
1691,2.955082742316785e-05
1692,2.9533372711163615e-05
1693,2.95159386068477e-05
1694,2.9498525073746314e-05
1695,2.94811320754717e-05
1696,2.9463759575721862e-05
1697,2.944640753828033e-05
1698,2.942907592701589e-05
1699,2.941176470588235e-05
1700,2.9394473838918284e-05
1701,2.9377203290246768e-05
1702,2.935995302407516e-05
1703,2.934272300469484e-05
1704,2.932551319648094e-05
1705,2.9308323563892145e-05
1706,2.9291154071470417e-05
1707,2.927400468384075e-05
1708,2.9256875365710943e-05
1709,2.9239766081871346e-05
1710,2.922267679719462e-05
1711,2.9205607476635512e-05
1712,2.9188558085230592e-05
1713,2.9171528588098014e-05
1714,2.915451895043732e-05
1715,2.9137529137529138e-05
1716,2.9120559114735005e-05
1717,2.910360884749709e-05
1718,2.908667830133799e-05
1719,2.9069767441860467e-05
1720,2.905287623474724e-05
1721,2.9036004645760743e-05
1722,2.901915264074289e-05
1723,2.900232018561485e-05
1724,2.8985507246376814e-05
1725,2.8968713789107764e-05
1726,2.8951939779965258e-05
1727,2.8935185185185186e-05
1728,2.891844997108155e-05
1729,2.8901734104046245e-05
1730,2.8885037550548817e-05
1731,2.8868360277136258e-05
1732,2.8851702250432774e-05
1733,2.8835063437139565e-05
1734,2.8818443804034586e-05
1735,2.880184331797235e-05
1736,2.8785261945883712e-05
1737,2.8768699654775606e-05
1738,2.8752156411730883e-05
1739,2.8735632183908048e-05
1740,2.871912693854107e-05
1741,2.8702640642939154e-05
1742,2.8686173264486515e-05
1743,2.8669724770642203e-05
1744,2.8653295128939826e-05
1745,2.8636884306987403e-05
1746,2.8620492272467087e-05
1747,2.8604118993135013e-05
1748,2.8587764436821043e-05
1749,2.8571428571428574e-05
1750,2.8555111364934324e-05
1751,2.8538812785388127e-05
1752,2.852253280091272e-05
1753,2.8506271379703538e-05
1754,2.849002849002849e-05
1755,2.8473804100227792e-05
1756,2.8457598178713718e-05
1757,2.844141069397042e-05
1758,2.8425241614553722e-05
1759,2.840909090909091e-05
1760,2.8392958546280526e-05
1761,2.837684449489217e-05
1762,2.836074872376631e-05
1763,2.834467120181406e-05
1764,2.8328611898016997e-05
1765,2.8312570781426958e-05
1766,2.829654782116582e-05
1767,2.8280542986425344e-05
1768,2.826455624646693e-05
1769,2.8248587570621472e-05
1770,2.8232636928289102e-05
1771,2.821670428893905e-05
1772,2.8200789622109422e-05
1773,2.818489289740699e-05
1774,2.8169014084507046e-05
1775,2.8153153153153154e-05
1776,2.813731007315701e-05
1777,2.8121484814398206e-05
1778,2.810567734682406e-05
1779,2.8089887640449443e-05
1780,2.8074115665356544e-05
1781,2.805836139169473e-05
1782,2.8042624789680316e-05
1783,2.8026905829596413e-05
1784,2.8011204481792718e-05
1785,2.7995520716685332e-05
1786,2.797985450475658e-05
1787,2.796420581655481e-05
1788,2.7948574622694246e-05
1789,2.793296089385475e-05
1790,2.791736460078169e-05
1791,2.7901785714285713e-05
1792,2.7886224205242612e-05
1793,2.787068004459309e-05
1794,2.785515320334262e-05
1795,2.7839643652561248e-05
1796,2.782415136338342e-05
1797,2.7808676307007788e-05
1798,2.7793218454697053e-05
1799,2.777777777777778e-05
1800,2.7762354247640204e-05
1801,2.774694783573807e-05
1802,2.773155851358847e-05
1803,2.771618625277162e-05
1804,2.770083102493075e-05
1805,2.7685492801771873e-05
1806,2.767017155506364e-05
1807,2.7654867256637168e-05
1808,2.763957987838585e-05
1809,2.7624309392265197e-05
1810,2.760905577029266e-05
1811,2.759381898454746e-05
1812,2.757859900717044e-05
1813,2.7563395810363838e-05
1814,2.7548209366391182e-05
1815,2.7533039647577097e-05
1816,2.75178866263071e-05
1817,2.7502750275027502e-05
1818,2.748763056624519e-05
1819,2.7472527472527473e-05
1820,2.7457440966501925e-05
1821,2.7442371020856205e-05
1822,2.7427317608337908e-05
1823,2.7412280701754386e-05
1824,2.7397260273972603e-05
1825,2.738225629791895e-05
1826,2.7367268746579092e-05
1827,2.7352297592997813e-05
1828,2.733734281027884e-05
1829,2.73224043715847e-05
1830,2.7307482250136537e-05
1831,2.7292576419213974e-05
1832,2.7277686852154935e-05
1833,2.726281352235551e-05
1834,2.7247956403269757e-05
1835,2.723311546840959e-05
1836,2.7218290691344588e-05
1837,2.720348204570185e-05
1838,2.718868950516585e-05
1839,2.7173913043478262e-05
1840,2.7159152634437806e-05
1841,2.714440825190011e-05
1842,2.712967986977754e-05
1843,2.7114967462039048e-05
1844,2.7100271002710027e-05
1845,2.7085590465872156e-05
1846,2.707092582566324e-05
1847,2.7056277056277056e-05
1848,2.7041644131963226e-05
1849,2.702702702702703e-05
1850,2.7012425715829283e-05
1851,2.699784017278618e-05
1852,2.6983270372369132e-05
1853,2.696871628910464e-05
1854,2.6954177897574127e-05
1855,2.6939655172413793e-05
1856,2.6925148088314486e-05
1857,2.6910656620021527e-05
1858,2.6896180742334586e-05
1859,2.6881720430107527e-05
1860,2.6867275658248258e-05
1861,2.6852846401718583e-05
1862,2.6838432635534087e-05
1863,2.682403433476395e-05
1864,2.6809651474530836e-05
1865,2.679528403001072e-05
1866,2.678093197643278e-05
1867,2.676659528907923e-05
1868,2.6752273943285178e-05
1869,2.6737967914438505e-05
1870,2.6723677177979688e-05
1871,2.6709401709401713e-05
1872,2.6695141484249868e-05
1873,2.668089647812167e-05
1874,2.666666666666667e-05
1875,2.6652452025586356e-05
1876,2.663825253063399e-05
1877,2.662406815761449e-05
1878,2.6609898882384245e-05
1879,2.6595744680851067e-05
1880,2.6581605528973953e-05
1881,2.656748140276302e-05
1882,2.655337227827934e-05
1883,2.653927813163482e-05
1884,2.652519893899204e-05
1885,2.6511134676564162e-05
1886,2.6497085320614737e-05
1887,2.648305084745763e-05
1888,2.6469031233456858e-05
1889,2.645502645502646e-05
1890,2.6441036488630354e-05
1891,2.6427061310782243e-05
1892,2.641310089804543e-05
1893,2.6399155227032734e-05
1894,2.6385224274406334e-05
1895,2.6371308016877638e-05
1896,2.6357406431207173e-05
1897,2.6343519494204424e-05
1898,2.632964718272775e-05
1899,2.6315789473684212e-05
1900,2.6301946344029457e-05
1901,2.6288117770767615e-05
1902,2.627430373095113e-05
1903,2.6260504201680674e-05
1904,2.6246719160104988e-05
1905,2.623294858342078e-05
1906,2.6219192448872577e-05
1907,2.6205450733752623e-05
1908,2.6191723415400737e-05
1909,2.617801047120419e-05
1910,2.6164311878597596e-05
1911,2.615062761506276e-05
1912,2.6136957658128594e-05
1913,2.6123301985370955e-05
1914,2.6109660574412533e-05
1915,2.6096033402922754e-05
1916,2.6082420448617632e-05
1917,2.6068821689259648e-05
1918,2.6055237102657634e-05
1919,2.604166666666667e-05
1920,2.6028110359187923e-05
1921,2.601456815816858e-05
1922,2.6001040041601667e-05
1923,2.598752598752599e-05
1924,2.5974025974025975e-05
1925,2.5960539979231568e-05
1926,2.5947067981318112e-05
1927,2.5933609958506227e-05
1928,2.5920165889061693e-05
1929,2.5906735751295337e-05
1930,2.589331952356292e-05
1931,2.5879917184265014e-05
1932,2.5866528711846872e-05
1933,2.5853154084798348e-05
1934,2.5839793281653746e-05
1935,2.5826446280991738e-05
1936,2.5813113061435212e-05
1937,2.5799793601651186e-05
1938,2.57864878803507e-05
1939,2.577319587628866e-05
1940,2.5759917568263783e-05
1941,2.5746652935118435e-05
1942,2.5733401955738553e-05
1943,2.57201646090535e-05
1944,2.570694087403599e-05
1945,2.5693730729701953e-05
1946,2.5680534155110427e-05
1947,2.5667351129363453e-05
1948,2.565418163160595e-05
1949,2.5641025641025643e-05
1950,2.5627883136852897e-05
1951,2.561475409836066e-05
1952,2.560163850486431e-05
1953,2.55885363357216e-05
1954,2.557544757033248e-05
1955,2.5562372188139063e-05
1956,2.5549310168625452e-05
1957,2.5536261491317675e-05
1958,2.5523226135783567e-05
1959,2.5510204081632657e-05
1960,2.5497195308516067e-05
1961,2.5484199796126406e-05
1962,2.5471217524197657e-05
1963,2.545824847250509e-05
1964,2.5445292620865142e-05
1965,2.54323499491353e-05
1966,2.5419420437214034e-05
1967,2.5406504065040654e-05
1968,2.5393600812595224e-05
1969,2.538071065989848e-05
1970,2.536783358701167e-05
1971,2.535496957403651e-05
1972,2.5342118601115056e-05
1973,2.5329280648429586e-05
1974,2.5316455696202533e-05
1975,2.530364372469636e-05
1976,2.5290844714213457e-05
1977,2.527805864509606e-05
1978,2.5265285497726127e-05
1979,2.5252525252525253e-05
1980,2.523977788995457e-05
1981,2.5227043390514632e-05
1982,2.5214321734745338e-05
1983,2.5201612903225806e-05
1984,2.5188916876574308e-05
1985,2.5176233635448137e-05
1986,2.5163563160543534e-05
1987,2.5150905432595576e-05
1988,2.5138260432378078e-05
1989,2.512562814070352e-05
1990,2.5113008538422907e-05
1991,2.51004016064257e-05
1992,2.508780732563974e-05
1993,2.5075225677031095e-05
1994,2.506265664160401e-05
1995,2.50501002004008e-05
1996,2.5037556334501753e-05
1997,2.5025025025025026e-05
1998,2.501250625312656e-05
1999,2.5e-05
