epoch,acc
0,0.95
1,0.975
2,0.9833333333333333
3,0.9875
4,0.99
5,0.9916666666666667
6,0.9928571428571429
7,0.99375
8,0.9944444444444445
9,0.995
10,0.9954545454545455
11,0.9958333333333333
12,0.9961538461538462
13,0.9964285714285714
14,0.9966666666666667
15,0.996875
16,0.9970588235294118
17,0.9972222222222222
18,0.9973684210526316
19,0.9975
20,0.9976190476190476
21,0.9977272727272727
22,0.9978260869565218
23,0.9979166666666667
24,0.998
25,0.9980769230769231
26,0.9981481481481481
27,0.9982142857142857
28,0.9982758620689656
29,0.9983333333333333
30,0.9983870967741936
31,0.9984375
32,0.9984848484848485
33,0.9985294117647059
34,0.9985714285714286
35,0.9986111111111111
36,0.9986486486486487
37,0.9986842105263158
38,0.9987179487179487
39,0.99875
40,0.998780487804878
41,0.9988095238095238
42,0.9988372093023256
43,0.9988636363636364
44,0.9988888888888889
45,0.9989130434782608
46,0.9989361702127659
47,0.9989583333333333
48,0.9989795918367347
49,0.999
50,0.9990196078431373
51,0.9990384615384615
52,0.9990566037735849
53,0.9990740740740741
54,0.9990909090909091
55,0.9991071428571429
56,0.9991228070175439
57,0.9991379310344828
58,0.9991525423728813
59,0.9991666666666666
60,0.9991803278688525
61,0.9991935483870967
62,0.9992063492063492
63,0.99921875
64,0.9992307692307693
65,0.9992424242424243
66,0.9992537313432835
67,0.9992647058823529
68,0.9992753623188406
69,0.9992857142857143
70,0.9992957746478873
71,0.9993055555555556
72,0.9993150684931507
73,0.9993243243243243
74,0.9993333333333333
75,0.9993421052631579
76,0.9993506493506493
77,0.9993589743589744
78,0.9993670886075949
79,0.999375
80,0.9993827160493827
81,0.999390243902439
82,0.9993975903614458
83,0.9994047619047619
84,0.9994117647058823
85,0.9994186046511628
86,0.9994252873563219
87,0.9994318181818181
88,0.999438202247191
89,0.9994444444444445
90,0.9994505494505495
91,0.9994565217391305
92,0.9994623655913979
93,0.999468085106383
94,0.9994736842105263
95,0.9994791666666667
96,0.9994845360824742
97,0.9994897959183674
98,0.9994949494949495
99,0.9995
100,0.9995049504950495
101,0.9995098039215686
102,0.9995145631067961
103,0.9995192307692308
104,0.9995238095238095
105,0.9995283018867924
106,0.9995327102803738
107,0.999537037037037
108,0.9995412844036697
109,0.9995454545454545
110,0.9995495495495496
111,0.9995535714285714
112,0.9995575221238938
113,0.999561403508772
114,0.9995652173913043
115,0.9995689655172414
116,0.9995726495726496
117,0.9995762711864407
118,0.9995798319327731
119,0.9995833333333334
120,0.9995867768595041
121,0.9995901639344262
122,0.9995934959349594
123,0.9995967741935484
124,0.9996
125,0.9996031746031746
126,0.9996062992125985
127,0.999609375
128,0.9996124031007751
129,0.9996153846153846
130,0.999618320610687
131,0.9996212121212121
132,0.999624060150376
133,0.9996268656716418
134,0.9996296296296296
135,0.9996323529411765
136,0.9996350364963503
137,0.9996376811594203
138,0.9996402877697842
139,0.9996428571428572
140,0.999645390070922
141,0.9996478873239436
142,0.9996503496503496
143,0.9996527777777777
144,0.9996551724137931
145,0.9996575342465753
146,0.9996598639455783
147,0.9996621621621622
148,0.9996644295302013
149,0.9996666666666667
150,0.9996688741721854
151,0.999671052631579
152,0.9996732026143791
153,0.9996753246753247
154,0.9996774193548387
155,0.9996794871794872
156,0.9996815286624203
157,0.9996835443037975
158,0.9996855345911949
159,0.9996875
160,0.9996894409937889
161,0.9996913580246913
162,0.9996932515337423
163,0.9996951219512196
164,0.9996969696969698
165,0.9996987951807229
166,0.9997005988023953
167,0.999702380952381
168,0.9997041420118343
169,0.9997058823529412
170,0.9997076023391813
171,0.9997093023255814
172,0.9997109826589595
173,0.9997126436781609
174,0.9997142857142857
175,0.9997159090909091
176,0.9997175141242938
177,0.9997191011235955
178,0.9997206703910615
179,0.9997222222222222
180,0.9997237569060774
181,0.9997252747252747
182,0.9997267759562841
183,0.9997282608695652
184,0.9997297297297297
185,0.999731182795699
186,0.9997326203208556
187,0.9997340425531915
188,0.9997354497354497
189,0.9997368421052631
190,0.999738219895288
191,0.9997395833333333
192,0.9997409326424871
193,0.9997422680412371
194,0.9997435897435898
195,0.9997448979591836
196,0.999746192893401
197,0.9997474747474747
198,0.999748743718593
199,0.99975
200,0.9997512437810945
201,0.9997524752475248
202,0.9997536945812808
203,0.9997549019607843
204,0.9997560975609756
205,0.999757281553398
206,0.9997584541062802
207,0.9997596153846153
208,0.9997607655502392
209,0.9997619047619047
210,0.9997630331753554
211,0.9997641509433962
212,0.9997652582159624
213,0.999766355140187
214,0.9997674418604651
215,0.9997685185185186
216,0.9997695852534563
217,0.9997706422018349
218,0.9997716894977169
219,0.9997727272727273
220,0.9997737556561086
221,0.9997747747747747
222,0.9997757847533633
223,0.9997767857142857
224,0.9997777777777778
225,0.9997787610619469
226,0.9997797356828194
227,0.9997807017543859
228,0.9997816593886463
229,0.9997826086956522
230,0.9997835497835498
231,0.9997844827586206
232,0.9997854077253219
233,0.9997863247863248
234,0.9997872340425532
235,0.9997881355932203
236,0.999789029535865
237,0.9997899159663866
238,0.9997907949790795
239,0.9997916666666666
240,0.999792531120332
241,0.9997933884297521
242,0.9997942386831276
243,0.9997950819672131
244,0.9997959183673469
245,0.9997967479674796
246,0.9997975708502024
247,0.9997983870967742
248,0.9997991967871486
249,0.9998
250,0.999800796812749
251,0.9998015873015873
252,0.999802371541502
253,0.9998031496062992
254,0.9998039215686274
255,0.9998046875
256,0.9998054474708171
257,0.9998062015503876
258,0.9998069498069498
259,0.9998076923076923
260,0.999808429118774
261,0.9998091603053435
262,0.999809885931559
263,0.999810606060606
264,0.999811320754717
265,0.9998120300751879
266,0.999812734082397
267,0.9998134328358209
268,0.9998141263940521
269,0.9998148148148148
270,0.9998154981549815
271,0.9998161764705882
272,0.9998168498168498
273,0.9998175182481752
274,0.9998181818181818
275,0.9998188405797102
276,0.9998194945848375
277,0.999820143884892
278,0.999820788530466
279,0.9998214285714285
280,0.9998220640569395
281,0.999822695035461
282,0.9998233215547703
283,0.9998239436619718
284,0.9998245614035087
285,0.9998251748251749
286,0.9998257839721254
287,0.9998263888888889
288,0.9998269896193772
289,0.9998275862068966
290,0.9998281786941581
291,0.9998287671232877
292,0.9998293515358362
293,0.9998299319727891
294,0.9998305084745762
295,0.9998310810810811
296,0.9998316498316498
297,0.9998322147651006
298,0.9998327759197324
299,0.9998333333333334
300,0.9998338870431893
301,0.9998344370860928
302,0.9998349834983499
303,0.9998355263157894
304,0.9998360655737705
305,0.9998366013071895
306,0.9998371335504886
307,0.9998376623376624
308,0.9998381877022654
309,0.9998387096774194
310,0.99983922829582
311,0.9998397435897436
312,0.9998402555910543
313,0.9998407643312102
314,0.9998412698412699
315,0.9998417721518987
316,0.9998422712933754
317,0.9998427672955975
318,0.9998432601880878
319,0.99984375
320,0.9998442367601246
321,0.9998447204968944
322,0.99984520123839
323,0.9998456790123457
324,0.9998461538461538
325,0.9998466257668711
326,0.9998470948012232
327,0.9998475609756098
328,0.9998480243161094
329,0.9998484848484849
330,0.9998489425981874
331,0.9998493975903614
332,0.9998498498498498
333,0.9998502994011976
334,0.9998507462686567
335,0.9998511904761904
336,0.9998516320474777
337,0.9998520710059171
338,0.9998525073746313
339,0.9998529411764706
340,0.9998533724340176
341,0.9998538011695907
342,0.9998542274052478
343,0.9998546511627907
344,0.9998550724637681
345,0.9998554913294798
346,0.9998559077809799
347,0.9998563218390805
348,0.9998567335243553
349,0.9998571428571429
350,0.9998575498575498
351,0.9998579545454546
352,0.99985835694051
353,0.9998587570621469
354,0.9998591549295774
355,0.9998595505617978
356,0.999859943977591
357,0.9998603351955307
358,0.9998607242339833
359,0.9998611111111111
360,0.9998614958448754
361,0.9998618784530386
362,0.999862258953168
363,0.9998626373626374
364,0.9998630136986302
365,0.9998633879781421
366,0.9998637602179836
367,0.9998641304347826
368,0.9998644986449865
369,0.9998648648648648
370,0.9998652291105121
371,0.9998655913978495
372,0.9998659517426274
373,0.9998663101604278
374,0.9998666666666667
375,0.9998670212765958
376,0.999867374005305
377,0.9998677248677249
378,0.999868073878628
379,0.9998684210526316
380,0.9998687664041995
381,0.999869109947644
382,0.9998694516971279
383,0.9998697916666667
384,0.9998701298701299
385,0.9998704663212435
386,0.9998708010335917
387,0.9998711340206186
388,0.9998714652956299
389,0.9998717948717949
390,0.9998721227621483
391,0.9998724489795918
392,0.9998727735368956
393,0.9998730964467005
394,0.9998734177215189
395,0.9998737373737374
396,0.9998740554156171
397,0.9998743718592965
398,0.999874686716792
399,0.999875
400,0.9998753117206982
401,0.9998756218905472
402,0.9998759305210918
403,0.9998762376237624
404,0.9998765432098765
405,0.9998768472906404
406,0.9998771498771499
407,0.9998774509803922
408,0.999877750611247
409,0.9998780487804878
410,0.9998783454987834
411,0.9998786407766991
412,0.9998789346246973
413,0.9998792270531401
414,0.9998795180722891
415,0.9998798076923077
416,0.9998800959232614
417,0.9998803827751196
418,0.9998806682577566
419,0.9998809523809524
420,0.9998812351543943
421,0.9998815165876778
422,0.9998817966903073
423,0.9998820754716982
424,0.9998823529411764
425,0.9998826291079812
426,0.9998829039812647
427,0.9998831775700935
428,0.9998834498834499
429,0.9998837209302326
430,0.9998839907192575
431,0.9998842592592593
432,0.9998845265588915
433,0.9998847926267281
434,0.9998850574712643
435,0.9998853211009174
436,0.9998855835240275
437,0.9998858447488584
438,0.9998861047835991
439,0.9998863636363636
440,0.9998866213151928
441,0.9998868778280543
442,0.9998871331828443
443,0.9998873873873874
444,0.9998876404494382
445,0.9998878923766816
446,0.9998881431767338
447,0.9998883928571428
448,0.9998886414253898
449,0.9998888888888889
450,0.9998891352549889
451,0.9998893805309734
452,0.9998896247240618
453,0.9998898678414097
454,0.9998901098901098
455,0.999890350877193
456,0.999890590809628
457,0.9998908296943232
458,0.9998910675381264
459,0.9998913043478261
460,0.9998915401301518
461,0.9998917748917749
462,0.9998920086393088
463,0.9998922413793103
464,0.9998924731182796
465,0.9998927038626609
466,0.9998929336188437
467,0.9998931623931624
468,0.9998933901918976
469,0.9998936170212765
470,0.9998938428874734
471,0.9998940677966102
472,0.9998942917547569
473,0.9998945147679325
474,0.9998947368421053
475,0.9998949579831933
476,0.999895178197065
477,0.9998953974895397
478,0.9998956158663883
479,0.9998958333333333
480,0.9998960498960499
481,0.999896265560166
482,0.999896480331263
483,0.999896694214876
484,0.9998969072164948
485,0.9998971193415638
486,0.9998973305954826
487,0.9998975409836065
488,0.9998977505112474
489,0.9998979591836735
490,0.99989816700611
491,0.9998983739837398
492,0.9998985801217039
493,0.9998987854251012
494,0.99989898989899
495,0.9998991935483871
496,0.9998993963782696
497,0.9998995983935743
498,0.9998997995991984
499,0.9999
500,0.9999001996007985
501,0.9999003984063745
502,0.9999005964214712
503,0.9999007936507937
504,0.9999009900990099
505,0.9999011857707509
506,0.9999013806706114
507,0.9999015748031496
508,0.999901768172888
509,0.9999019607843137
510,0.9999021526418786
511,0.99990234375
512,0.9999025341130604
513,0.9999027237354086
514,0.9999029126213592
515,0.9999031007751938
516,0.9999032882011606
517,0.9999034749034749
518,0.9999036608863199
519,0.9999038461538462
520,0.9999040307101728
521,0.9999042145593869
522,0.999904397705545
523,0.9999045801526718
524,0.9999047619047619
525,0.9999049429657795
526,0.9999051233396584
527,0.999905303030303
528,0.9999054820415879
529,0.9999056603773585
530,0.9999058380414313
531,0.999906015037594
532,0.999906191369606
533,0.9999063670411985
534,0.9999065420560748
535,0.9999067164179104
536,0.9999068901303538
537,0.999907063197026
538,0.9999072356215213
539,0.9999074074074074
540,0.9999075785582255
541,0.9999077490774908
542,0.9999079189686925
543,0.9999080882352941
544,0.9999082568807339
545,0.9999084249084249
546,0.999908592321755
547,0.9999087591240876
548,0.9999089253187614
549,0.9999090909090909
550,0.9999092558983667
551,0.9999094202898551
552,0.9999095840867993
553,0.9999097472924188
554,0.9999099099099099
555,0.9999100719424461
556,0.9999102333931777
557,0.999910394265233
558,0.9999105545617174
559,0.9999107142857143
560,0.9999108734402852
561,0.9999110320284698
562,0.999911190053286
563,0.9999113475177305
564,0.9999115044247787
565,0.9999116607773851
566,0.9999118165784833
567,0.9999119718309859
568,0.9999121265377856
569,0.9999122807017544
570,0.9999124343257443
571,0.9999125874125874
572,0.999912739965096
573,0.9999128919860627
574,0.9999130434782608
575,0.9999131944444445
576,0.9999133448873484
577,0.9999134948096886
578,0.9999136442141624
579,0.9999137931034483
580,0.9999139414802065
581,0.999914089347079
582,0.9999142367066896
583,0.9999143835616439
584,0.9999145299145299
585,0.999914675767918
586,0.9999148211243611
587,0.9999149659863945
588,0.9999151103565365
589,0.9999152542372881
590,0.9999153976311337
591,0.9999155405405405
592,0.9999156829679595
593,0.9999158249158249
594,0.9999159663865547
595,0.9999161073825503
596,0.9999162479061977
597,0.9999163879598663
598,0.9999165275459099
599,0.9999166666666667
600,0.9999168053244593
601,0.9999169435215947
602,0.9999170812603648
603,0.9999172185430464
604,0.9999173553719009
605,0.9999174917491749
606,0.9999176276771005
607,0.9999177631578947
608,0.9999178981937603
609,0.9999180327868853
610,0.9999181669394436
611,0.9999183006535948
612,0.9999184339314845
613,0.9999185667752443
614,0.9999186991869918
615,0.9999188311688312
616,0.9999189627228525
617,0.9999190938511326
618,0.999919224555735
619,0.9999193548387096
620,0.9999194847020934
621,0.99991961414791
622,0.9999197431781701
623,0.9999198717948717
624,0.99992
625,0.9999201277955272
626,0.9999202551834131
627,0.9999203821656051
628,0.9999205087440382
629,0.9999206349206349
630,0.9999207606973058
631,0.9999208860759494
632,0.9999210110584518
633,0.9999211356466877
634,0.9999212598425197
635,0.9999213836477987
636,0.9999215070643642
637,0.9999216300940439
638,0.9999217527386541
639,0.999921875
640,0.9999219968798752
641,0.9999221183800623
642,0.9999222395023328
643,0.9999223602484472
644,0.999922480620155
645,0.999922600619195
646,0.9999227202472952
647,0.9999228395061729
648,0.9999229583975346
649,0.9999230769230769
650,0.9999231950844855
651,0.9999233128834356
652,0.9999234303215927
653,0.9999235474006116
654,0.9999236641221374
655,0.9999237804878048
656,0.999923896499239
657,0.9999240121580547
658,0.9999241274658573
659,0.9999242424242424
660,0.9999243570347958
661,0.9999244712990937
662,0.9999245852187029
663,0.9999246987951808
664,0.9999248120300752
665,0.9999249249249249
666,0.9999250374812594
667,0.9999251497005988
668,0.9999252615844544
669,0.9999253731343284
670,0.9999254843517139
671,0.9999255952380952
672,0.999925705794948
673,0.9999258160237389
674,0.9999259259259259
675,0.9999260355029586
676,0.9999261447562777
677,0.9999262536873156
678,0.9999263622974963
679,0.9999264705882352
680,0.9999265785609398
681,0.9999266862170088
682,0.9999267935578331
683,0.9999269005847953
684,0.9999270072992701
685,0.9999271137026239
686,0.9999272197962155
687,0.9999273255813953
688,0.9999274310595065
689,0.999927536231884
690,0.9999276410998553
691,0.9999277456647399
692,0.9999278499278499
693,0.9999279538904899
694,0.9999280575539569
695,0.9999281609195402
696,0.9999282639885222
697,0.9999283667621777
698,0.9999284692417739
699,0.9999285714285714
700,0.9999286733238231
701,0.999928774928775
702,0.9999288762446658
703,0.9999289772727272
704,0.9999290780141844
705,0.999929178470255
706,0.99992927864215
707,0.9999293785310734
708,0.9999294781382229
709,0.9999295774647887
710,0.999929676511955
711,0.9999297752808989
712,0.9999298737727911
713,0.9999299719887955
714,0.9999300699300699
715,0.9999301675977653
716,0.9999302649930265
717,0.9999303621169916
718,0.9999304589707928
719,0.9999305555555555
720,0.9999306518723995
721,0.9999307479224376
722,0.9999308437067773
723,0.9999309392265193
724,0.9999310344827587
725,0.999931129476584
726,0.9999312242090784
727,0.9999313186813187
728,0.9999314128943758
729,0.9999315068493151
730,0.9999316005471957
731,0.999931693989071
732,0.9999317871759891
733,0.9999318801089918
734,0.9999319727891156
735,0.9999320652173913
736,0.999932157394844
737,0.9999322493224932
738,0.9999323410013532
739,0.9999324324324325
740,0.9999325236167341
741,0.9999326145552561
742,0.9999327052489906
743,0.9999327956989247
744,0.9999328859060402
745,0.9999329758713137
746,0.9999330655957162
747,0.9999331550802139
748,0.9999332443257677
749,0.9999333333333333
750,0.9999334221038615
751,0.9999335106382978
752,0.999933598937583
753,0.9999336870026525
754,0.9999337748344371
755,0.9999338624338624
756,0.9999339498018494
757,0.9999340369393139
758,0.9999341238471673
759,0.9999342105263158
760,0.999934296977661
761,0.9999343832020997
762,0.9999344692005242
763,0.999934554973822
764,0.9999346405228758
765,0.999934725848564
766,0.9999348109517601
767,0.9999348958333333
768,0.9999349804941482
769,0.9999350649350649
770,0.999935149156939
771,0.9999352331606217
772,0.9999353169469599
773,0.9999354005167959
774,0.9999354838709678
775,0.9999355670103093
776,0.99993564993565
777,0.9999357326478149
778,0.9999358151476252
779,0.9999358974358974
780,0.9999359795134443
781,0.9999360613810742
782,0.9999361430395913
783,0.9999362244897959
784,0.999936305732484
785,0.9999363867684479
786,0.9999364675984752
787,0.9999365482233502
788,0.999936628643853
789,0.9999367088607595
790,0.9999367888748419
791,0.9999368686868687
792,0.999936948297604
793,0.9999370277078086
794,0.999937106918239
795,0.9999371859296482
796,0.9999372647427854
797,0.999937343358396
798,0.9999374217772216
799,0.9999375
800,0.9999375780274656
801,0.9999376558603491
802,0.9999377334993773
803,0.9999378109452737
804,0.9999378881987577
805,0.9999379652605459
806,0.9999380421313507
807,0.9999381188118812
808,0.999938195302843
809,0.9999382716049383
810,0.9999383477188656
811,0.9999384236453202
812,0.9999384993849938
813,0.999938574938575
814,0.9999386503067484
815,0.999938725490196
816,0.999938800489596
817,0.9999388753056234
818,0.9999389499389499
819,0.999939024390244
820,0.9999390986601705
821,0.9999391727493917
822,0.9999392466585663
823,0.9999393203883495
824,0.9999393939393939
825,0.9999394673123486
826,0.9999395405078597
827,0.99993961352657
828,0.9999396863691195
829,0.9999397590361446
830,0.9999398315282791
831,0.9999399038461538
832,0.9999399759903962
833,0.9999400479616307
834,0.999940119760479
835,0.9999401913875599
836,0.9999402628434887
837,0.9999403341288783
838,0.9999404052443385
839,0.9999404761904762
840,0.9999405469678954
841,0.9999406175771971
842,0.9999406880189798
843,0.9999407582938389
844,0.9999408284023669
845,0.9999408983451537
846,0.9999409681227863
847,0.9999410377358491
848,0.9999411071849235
849,0.9999411764705882
850,0.9999412455934195
851,0.9999413145539906
852,0.9999413833528722
853,0.9999414519906323
854,0.9999415204678362
855,0.9999415887850467
856,0.9999416569428238
857,0.999941724941725
858,0.999941792782305
859,0.9999418604651162
860,0.9999419279907085
861,0.9999419953596288
862,0.9999420625724218
863,0.9999421296296296
864,0.999942196531792
865,0.9999422632794457
866,0.9999423298731257
867,0.999942396313364
868,0.9999424626006904
869,0.9999425287356322
870,0.9999425947187142
871,0.9999426605504587
872,0.999942726231386
873,0.9999427917620137
874,0.9999428571428571
875,0.9999429223744293
876,0.9999429874572406
877,0.9999430523917996
878,0.9999431171786121
879,0.9999431818181819
880,0.9999432463110102
881,0.9999433106575963
882,0.9999433748584371
883,0.9999434389140271
884,0.9999435028248588
885,0.9999435665914221
886,0.9999436302142052
887,0.9999436936936937
888,0.9999437570303712
889,0.9999438202247191
890,0.9999438832772166
891,0.9999439461883408
892,0.9999440089585666
893,0.9999440715883668
894,0.9999441340782123
895,0.9999441964285715
896,0.9999442586399108
897,0.9999443207126949
898,0.9999443826473859
899,0.9999444444444444
900,0.9999445061043285
901,0.9999445676274945
902,0.9999446290143964
903,0.9999446902654867
904,0.9999447513812155
905,0.9999448123620309
906,0.9999448732083793
907,0.9999449339207048
908,0.99994499449945
909,0.9999450549450549
910,0.9999451152579583
911,0.9999451754385965
912,0.9999452354874042
913,0.999945295404814
914,0.9999453551912568
915,0.9999454148471616
916,0.9999454743729553
917,0.9999455337690631
918,0.9999455930359086
919,0.9999456521739131
920,0.9999457111834962
921,0.9999457700650759
922,0.9999458288190682
923,0.9999458874458874
924,0.999945945945946
925,0.9999460043196544
926,0.9999460625674218
927,0.9999461206896552
928,0.99994617868676
929,0.9999462365591398
930,0.9999462943071966
931,0.9999463519313305
932,0.99994640943194
933,0.9999464668094219
934,0.9999465240641712
935,0.9999465811965812
936,0.9999466382070438
937,0.9999466950959488
938,0.9999467518636848
939,0.9999468085106383
940,0.9999468650371944
941,0.9999469214437368
942,0.9999469777306469
943,0.9999470338983051
944,0.9999470899470899
945,0.9999471458773784
946,0.999947201689546
947,0.9999472573839663
948,0.9999473129610116
949,0.9999473684210526
950,0.9999474237644584
951,0.9999474789915966
952,0.9999475341028332
953,0.9999475890985325
954,0.9999476439790576
955,0.9999476987447699
956,0.9999477533960293
957,0.9999478079331942
958,0.9999478623566215
959,0.9999479166666667
960,0.9999479708636837
961,0.9999480249480249
962,0.9999480789200416
963,0.999948132780083
964,0.9999481865284974
965,0.9999482401656314
966,0.9999482936918304
967,0.999948347107438
968,0.9999484004127966
969,0.9999484536082475
970,0.9999485066941297
971,0.9999485596707819
972,0.9999486125385406
973,0.9999486652977413
974,0.999948717948718
975,0.9999487704918033
976,0.9999488229273286
977,0.9999488752556237
978,0.9999489274770174
979,0.9999489795918367
980,0.9999490316004077
981,0.999949083503055
982,0.9999491353001018
983,0.99994918699187
984,0.9999492385786802
985,0.999949290060852
986,0.9999493414387032
987,0.9999493927125506
988,0.9999494438827098
989,0.9999494949494949
990,0.9999495459132189
991,0.9999495967741936
992,0.9999496475327291
993,0.9999496981891348
994,0.9999497487437186
995,0.9999497991967872
996,0.999949849548646
997,0.9999498997995993
998,0.9999499499499499
999,0.99995
1000,0.99995004995005
1001,0.9999500998003992
1002,0.999950149551346
1003,0.9999501992031873
1004,0.9999502487562189
1005,0.9999502982107356
1006,0.9999503475670308
1007,0.9999503968253968
1008,0.9999504459861249
1009,0.999950495049505
1010,0.999950544015826
1011,0.9999505928853755
1012,0.9999506416584403
1013,0.9999506903353057
1014,0.9999507389162562
1015,0.9999507874015748
1016,0.9999508357915438
1017,0.9999508840864441
1018,0.9999509322865554
1019,0.9999509803921569
1020,0.999951028403526
1021,0.9999510763209394
1022,0.9999511241446726
1023,0.999951171875
1024,0.9999512195121951
1025,0.9999512670565303
1026,0.9999513145082766
1027,0.9999513618677043
1028,0.9999514091350826
1029,0.9999514563106796
1030,0.9999515033947624
1031,0.9999515503875969
1032,0.9999515972894482
1033,0.9999516441005802
1034,0.999951690821256
1035,0.9999517374517375
1036,0.9999517839922855
1037,0.9999518304431599
1038,0.9999518768046198
1039,0.999951923076923
1040,0.9999519692603266
1041,0.9999520153550864
1042,0.9999520613614573
1043,0.9999521072796935
1044,0.9999521531100478
1045,0.9999521988527724
1046,0.9999522445081185
1047,0.9999522900763359
1048,0.9999523355576739
1049,0.9999523809523809
1050,0.9999524262607041
1051,0.9999524714828897
1052,0.9999525166191833
1053,0.9999525616698293
1054,0.9999526066350711
1055,0.9999526515151516
1056,0.9999526963103123
1057,0.9999527410207939
1058,0.9999527856468367
1059,0.9999528301886792
1060,0.9999528746465598
1061,0.9999529190207156
1062,0.9999529633113828
1063,0.999953007518797
1064,0.9999530516431925
1065,0.999953095684803
1066,0.9999531396438613
1067,0.9999531835205993
1068,0.9999532273152479
1069,0.9999532710280374
1070,0.999953314659197
1071,0.9999533582089553
1072,0.9999534016775397
1073,0.9999534450651769
1074,0.999953488372093
1075,0.999953531598513
1076,0.9999535747446611
1077,0.9999536178107606
1078,0.9999536607970343
1079,0.9999537037037037
1080,0.9999537465309898
1081,0.9999537892791127
1082,0.9999538319482918
1083,0.9999538745387454
1084,0.9999539170506913
1085,0.9999539594843462
1086,0.9999540018399264
1087,0.9999540441176471
1088,0.9999540863177226
1089,0.999954128440367
1090,0.9999541704857928
1091,0.9999542124542125
1092,0.9999542543458372
1093,0.9999542961608775
1094,0.9999543378995434
1095,0.9999543795620438
1096,0.999954421148587
1097,0.9999544626593807
1098,0.9999545040946315
1099,0.9999545454545454
1100,0.9999545867393279
1101,0.9999546279491833
1102,0.9999546690843155
1103,0.9999547101449275
1104,0.9999547511312217
1105,0.9999547920433997
1106,0.9999548328816622
1107,0.9999548736462094
1108,0.9999549143372407
1109,0.9999549549549549
1110,0.9999549954995499
1111,0.999955035971223
1112,0.9999550763701707
1113,0.9999551166965889
1114,0.9999551569506726
1115,0.9999551971326165
1116,0.9999552372426141
1117,0.9999552772808586
1118,0.9999553172475425
1119,0.9999553571428571
1120,0.9999553969669938
1121,0.9999554367201426
1122,0.9999554764024933
1123,0.9999555160142348
1124,0.9999555555555556
1125,0.999955595026643
1126,0.9999556344276841
1127,0.9999556737588653
1128,0.999955713020372
1129,0.9999557522123894
1130,0.9999557913351017
1131,0.9999558303886926
1132,0.9999558693733451
1133,0.9999559082892416
1134,0.9999559471365639
1135,0.999955985915493
1136,0.9999560246262094
1137,0.9999560632688927
1138,0.9999561018437225
1139,0.9999561403508772
1140,0.9999561787905347
1141,0.9999562171628722
1142,0.9999562554680665
1143,0.9999562937062937
1144,0.9999563318777293
1145,0.999956369982548
1146,0.9999564080209241
1147,0.9999564459930314
1148,0.9999564838990427
1149,0.9999565217391304
1150,0.9999565595134665
1151,0.9999565972222222
1152,0.9999566348655681
1153,0.9999566724436741
1154,0.9999567099567099
1155,0.9999567474048443
1156,0.9999567847882455
1157,0.9999568221070811
1158,0.9999568593615186
1159,0.9999568965517242
1160,0.9999569336778639
1161,0.9999569707401033
1162,0.9999570077386071
1163,0.9999570446735395
1164,0.9999570815450644
1165,0.9999571183533448
1166,0.9999571550985433
1167,0.9999571917808219
1168,0.9999572284003422
1169,0.999957264957265
1170,0.9999573014517507
1171,0.999957337883959
1172,0.9999573742540494
1173,0.9999574105621806
1174,0.9999574468085106
1175,0.9999574829931973
1176,0.9999575191163976
1177,0.9999575551782682
1178,0.9999575911789652
1179,0.9999576271186441
1180,0.9999576629974598
1181,0.9999576988155668
1182,0.9999577345731192
1183,0.9999577702702702
1184,0.999957805907173
1185,0.9999578414839798
1186,0.9999578770008425
1187,0.9999579124579124
1188,0.9999579478553406
1189,0.9999579831932773
1190,0.9999580184718724
1191,0.9999580536912752
1192,0.9999580888516345
1193,0.9999581239530988
1194,0.9999581589958159
1195,0.9999581939799331
1196,0.9999582289055974
1197,0.9999582637729549
1198,0.9999582985821518
1199,0.9999583333333333
1200,0.9999583680266445
1201,0.9999584026622296
1202,0.9999584372402327
1203,0.9999584717607973
1204,0.9999585062240663
1205,0.9999585406301824
1206,0.9999585749792875
1207,0.9999586092715231
1208,0.9999586435070306
1209,0.9999586776859504
1210,0.9999587118084228
1211,0.9999587458745874
1212,0.9999587798845837
1213,0.9999588138385502
1214,0.9999588477366255
1215,0.9999588815789474
1216,0.9999589153656533
1217,0.9999589490968801
1218,0.9999589827727645
1219,0.9999590163934426
1220,0.9999590499590499
1221,0.9999590834697217
1222,0.9999591169255928
1223,0.9999591503267974
1224,0.9999591836734694
1225,0.9999592169657423
1226,0.999959250203749
1227,0.9999592833876222
1228,0.9999593165174939
1229,0.999959349593496
1230,0.9999593826157596
1231,0.9999594155844156
1232,0.9999594484995945
1233,0.9999594813614262
1234,0.9999595141700405
1235,0.9999595469255663
1236,0.9999595796281325
1237,0.9999596122778676
1238,0.9999596448748991
1239,0.9999596774193549
1240,0.9999597099113618
1241,0.9999597423510467
1242,0.9999597747385358
1243,0.9999598070739549
1244,0.9999598393574297
1245,0.9999598715890851
1246,0.9999599037690458
1247,0.9999599358974359
1248,0.9999599679743795
1249,0.99996
1250,0.9999600319744205
1251,0.9999600638977636
1252,0.9999600957701517
1253,0.9999601275917065
1254,0.9999601593625498
1255,0.9999601910828025
1256,0.9999602227525856
1257,0.9999602543720191
1258,0.9999602859412232
1259,0.9999603174603174
1260,0.9999603489294211
1261,0.999960380348653
1262,0.9999604117181314
1263,0.9999604430379747
1264,0.9999604743083004
1265,0.9999605055292259
1266,0.9999605367008682
1267,0.9999605678233439
1268,0.9999605988967691
1269,0.9999606299212599
1270,0.9999606608969316
1271,0.9999606918238994
1272,0.9999607227022781
1273,0.9999607535321821
1274,0.9999607843137255
1275,0.999960815047022
1276,0.9999608457321848
1277,0.9999608763693271
1278,0.9999609069585613
1279,0.9999609375
1280,0.9999609679937549
1281,0.9999609984399376
1282,0.9999610288386593
1283,0.9999610591900312
1284,0.9999610894941634
1285,0.9999611197511664
1286,0.9999611499611499
1287,0.9999611801242236
1288,0.9999612102404966
1289,0.9999612403100775
1290,0.9999612703330751
1291,0.9999613003095975
1292,0.9999613302397525
1293,0.9999613601236476
1294,0.99996138996139
1295,0.9999614197530864
1296,0.9999614494988435
1297,0.9999614791987673
1298,0.9999615088529639
1299,0.9999615384615385
1300,0.9999615680245965
1301,0.9999615975422427
1302,0.9999616270145817
1303,0.9999616564417177
1304,0.9999616858237548
1305,0.9999617151607963
1306,0.9999617444529457
1307,0.9999617737003058
1308,0.9999618029029794
1309,0.9999618320610687
1310,0.9999618611746758
1311,0.9999618902439025
1312,0.9999619192688499
1313,0.9999619482496195
1314,0.9999619771863117
1315,0.9999620060790274
1316,0.9999620349278664
1317,0.9999620637329287
1318,0.9999620924943139
1319,0.9999621212121212
1320,0.9999621498864497
1321,0.9999621785173979
1322,0.9999622071050642
1323,0.9999622356495468
1324,0.9999622641509434
1325,0.9999622926093514
1326,0.9999623210248682
1327,0.9999623493975903
1328,0.9999623777276148
1329,0.9999624060150376
1330,0.9999624342599549
1331,0.9999624624624625
1332,0.9999624906226556
1333,0.9999625187406297
1334,0.9999625468164794
1335,0.9999625748502994
1336,0.999962602842184
1337,0.9999626307922272
1338,0.9999626587005228
1339,0.9999626865671641
1340,0.9999627143922446
1341,0.9999627421758569
1342,0.9999627699180939
1343,0.9999627976190476
1344,0.9999628252788104
1345,0.999962852897474
1346,0.9999628804751299
1347,0.9999629080118695
1348,0.9999629355077836
1349,0.9999629629629629
1350,0.9999629903774981
1351,0.9999630177514793
1352,0.9999630450849963
1353,0.9999630723781389
1354,0.9999630996309963
1355,0.9999631268436578
1356,0.9999631540162123
1357,0.9999631811487482
1358,0.999963208241354
1359,0.9999632352941177
1360,0.9999632623071271
1361,0.9999632892804698
1362,0.9999633162142333
1363,0.9999633431085044
1364,0.99996336996337
1365,0.9999633967789165
1366,0.9999634235552304
1367,0.9999634502923976
1368,0.999963476990504
1369,0.999963503649635
1370,0.999963530269876
1371,0.999963556851312
1372,0.9999635833940277
1373,0.9999636098981077
1374,0.9999636363636364
1375,0.9999636627906977
1376,0.9999636891793755
1377,0.9999637155297533
1378,0.9999637418419144
1379,0.999963768115942
1380,0.9999637943519188
1381,0.9999638205499276
1382,0.9999638467100506
1383,0.99996387283237
1384,0.9999638989169675
1385,0.9999639249639249
1386,0.9999639509733237
1387,0.999963976945245
1388,0.9999640028797696
1389,0.9999640287769784
1390,0.9999640546369518
1391,0.9999640804597701
1392,0.9999641062455132
1393,0.9999641319942612
1394,0.9999641577060931
1395,0.9999641833810888
1396,0.9999642090193271
1397,0.999964234620887
1398,0.999964260185847
1399,0.9999642857142857
1400,0.9999643112062813
1401,0.9999643366619115
1402,0.9999643620812545
1403,0.9999643874643874
1404,0.9999644128113879
1405,0.9999644381223328
1406,0.9999644633972992
1407,0.9999644886363637
1408,0.9999645138396026
1409,0.9999645390070921
1410,0.9999645641389086
1411,0.9999645892351274
1412,0.9999646142958245
1413,0.9999646393210749
1414,0.9999646643109541
1415,0.9999646892655367
1416,0.9999647141848976
1417,0.9999647390691114
1418,0.9999647639182523
1419,0.9999647887323944
1420,0.9999648135116116
1421,0.9999648382559775
1422,0.9999648629655657
1423,0.9999648876404494
1424,0.9999649122807017
1425,0.9999649368863955
1426,0.9999649614576034
1427,0.9999649859943978
1428,0.9999650104968509
1429,0.999965034965035
1430,0.9999650593990217
1431,0.9999650837988827
1432,0.9999651081646894
1433,0.9999651324965132
1434,0.9999651567944251
1435,0.9999651810584959
1436,0.9999652052887961
1437,0.9999652294853963
1438,0.999965253648367
1439,0.9999652777777778
1440,0.9999653018736988
1441,0.9999653259361997
1442,0.9999653499653499
1443,0.9999653739612189
1444,0.9999653979238754
1445,0.9999654218533887
1446,0.9999654457498273
1447,0.9999654696132597
1448,0.9999654934437543
1449,0.9999655172413793
1450,0.9999655410062026
1451,0.999965564738292
1452,0.9999655884377151
1453,0.9999656121045392
1454,0.9999656357388316
1455,0.9999656593406593
1456,0.9999656829100892
1457,0.999965706447188
1458,0.9999657299520219
1459,0.9999657534246575
1460,0.9999657768651609
1461,0.9999658002735978
1462,0.9999658236500342
1463,0.9999658469945355
1464,0.9999658703071672
1465,0.9999658935879946
1466,0.9999659168370825
1467,0.9999659400544959
1468,0.9999659632402995
1469,0.9999659863945578
1470,0.9999660095173352
1471,0.9999660326086957
1472,0.9999660556687033
1473,0.9999660786974219
1474,0.9999661016949153
1475,0.9999661246612466
1476,0.9999661475964794
1477,0.9999661705006766
1478,0.9999661933739012
1479,0.9999662162162162
1480,0.999966239027684
1481,0.9999662618083671
1482,0.9999662845583277
1483,0.999966307277628
1484,0.99996632996633
1485,0.9999663526244953
1486,0.9999663752521856
1487,0.9999663978494624
1488,0.9999664204163868
1489,0.9999664429530202
1490,0.9999664654594232
1491,0.9999664879356568
1492,0.9999665103817816
1493,0.9999665327978581
1494,0.9999665551839465
1495,0.999966577540107
1496,0.9999665998663995
1497,0.9999666221628839
1498,0.9999666444296198
1499,0.9999666666666667
1500,0.9999666888740839
1501,0.9999667110519308
1502,0.9999667332002662
1503,0.9999667553191489
1504,0.9999667774086378
1505,0.9999667994687915
1506,0.9999668214996682
1507,0.9999668435013263
1508,0.9999668654738237
1509,0.9999668874172185
1510,0.9999669093315685
1511,0.9999669312169313
1512,0.9999669530733641
1513,0.9999669749009247
1514,0.9999669966996699
1515,0.999967018469657
1516,0.9999670402109426
1517,0.9999670619235836
1518,0.9999670836076366
1519,0.9999671052631579
1520,0.9999671268902038
1521,0.9999671484888305
1522,0.9999671700590939
1523,0.9999671916010499
1524,0.9999672131147541
1525,0.9999672346002622
1526,0.9999672560576294
1527,0.9999672774869109
1528,0.9999672988881622
1529,0.9999673202614379
1530,0.9999673416067929
1531,0.999967362924282
1532,0.9999673842139596
1533,0.99996740547588
1534,0.9999674267100978
1535,0.9999674479166667
1536,0.9999674690956408
1537,0.9999674902470741
1538,0.9999675113710201
1539,0.9999675324675324
1540,0.9999675535366646
1541,0.9999675745784695
1542,0.9999675955930006
1543,0.9999676165803109
1544,0.999967637540453
1545,0.9999676584734799
1546,0.9999676793794441
1547,0.999967700258398
1548,0.9999677211103938
1549,0.9999677419354839
1550,0.9999677627337202
1551,0.9999677835051546
1552,0.999967804249839
1553,0.999967824967825
1554,0.999967845659164
1555,0.9999678663239074
1556,0.9999678869621066
1557,0.9999679075738126
1558,0.9999679281590763
1559,0.9999679487179487
1560,0.9999679692504805
1561,0.9999679897567222
1562,0.9999680102367242
1563,0.9999680306905371
1564,0.9999680511182109
1565,0.9999680715197956
1566,0.9999680918953414
1567,0.999968112244898
1568,0.999968132568515
1569,0.9999681528662421
1570,0.9999681731381286
1571,0.9999681933842239
1572,0.9999682136045772
1573,0.9999682337992376
1574,0.999968253968254
1575,0.9999682741116751
1576,0.9999682942295498
1577,0.9999683143219265
1578,0.9999683343888537
1579,0.9999683544303798
1580,0.9999683744465528
1581,0.999968394437421
1582,0.9999684144030322
1583,0.9999684343434343
1584,0.9999684542586751
1585,0.999968474148802
1586,0.9999684940138627
1587,0.9999685138539043
1588,0.9999685336689742
1589,0.9999685534591195
1590,0.9999685732243871
1591,0.9999685929648241
1592,0.9999686126804771
1593,0.9999686323713928
1594,0.9999686520376175
1595,0.999968671679198
1596,0.9999686912961804
1597,0.9999687108886107
1598,0.9999687304565353
1599,0.99996875
1600,0.9999687695190506
1601,0.9999687890137329
1602,0.9999688084840923
1603,0.9999688279301746
1604,0.999968847352025
1605,0.9999688667496887
1606,0.999968886123211
1607,0.9999689054726368
1608,0.9999689247980111
1609,0.9999689440993789
1610,0.9999689633767846
1611,0.999968982630273
1612,0.9999690018598884
1613,0.9999690210656753
1614,0.999969040247678
1615,0.9999690594059406
1616,0.9999690785405071
1617,0.9999690976514215
1618,0.9999691167387276
1619,0.9999691358024692
1620,0.9999691548426897
1621,0.9999691738594328
1622,0.9999691928527419
1623,0.9999692118226601
1624,0.9999692307692307
1625,0.9999692496924969
1626,0.9999692685925016
1627,0.9999692874692875
1628,0.9999693063228975
1629,0.9999693251533742
1630,0.9999693439607603
1631,0.9999693627450981
1632,0.9999693815064299
1633,0.9999694002447981
1634,0.9999694189602446
1635,0.9999694376528118
1636,0.9999694563225412
1637,0.999969474969475
1638,0.9999694935936546
1639,0.999969512195122
1640,0.9999695307739184
1641,0.9999695493300853
1642,0.999969567863664
1643,0.9999695863746959
1644,0.9999696048632218
1645,0.9999696233292831
1646,0.9999696417729205
1647,0.9999696601941748
1648,0.9999696785930867
1649,0.999969696969697
1650,0.999969715324046
1651,0.9999697336561744
1652,0.9999697519661223
1653,0.9999697702539299
1654,0.9999697885196375
1655,0.9999698067632851
1656,0.9999698249849125
1657,0.9999698431845597
1658,0.9999698613622664
1659,0.9999698795180723
1660,0.9999698976520168
1661,0.9999699157641396
1662,0.9999699338544799
1663,0.9999699519230769
1664,0.99996996996997
1665,0.9999699879951981
1666,0.9999700059988003
1667,0.9999700239808154
1668,0.9999700419412823
1669,0.9999700598802396
1670,0.999970077797726
1671,0.9999700956937799
1672,0.9999701135684399
1673,0.9999701314217443
1674,0.9999701492537313
1675,0.9999701670644391
1676,0.9999701848539058
1677,0.9999702026221693
1678,0.9999702203692674
1679,0.9999702380952381
1680,0.999970255800119
1681,0.9999702734839477
1682,0.9999702911467617
1683,0.9999703087885986
1684,0.9999703264094956
1685,0.9999703440094899
1686,0.9999703615886189
1687,0.9999703791469194
1688,0.9999703966844287
1689,0.9999704142011834
1690,0.9999704316972206
1691,0.9999704491725768
1692,0.9999704666272888
1693,0.9999704840613931
1694,0.9999705014749263
1695,0.9999705188679245
1696,0.9999705362404243
1697,0.9999705535924617
1698,0.9999705709240729
1699,0.9999705882352942
1700,0.9999706055261611
1701,0.9999706227967098
1702,0.9999706400469759
1703,0.9999706572769953
1704,0.9999706744868035
1705,0.9999706916764362
1706,0.9999707088459285
1707,0.9999707259953161
1708,0.9999707431246343
1709,0.9999707602339182
1710,0.9999707773232028
1711,0.9999707943925233
1712,0.9999708114419148
1713,0.9999708284714119
1714,0.9999708454810495
1715,0.9999708624708624
1716,0.9999708794408853
1717,0.9999708963911526
1718,0.9999709133216986
1719,0.9999709302325581
1720,0.9999709471237652
1721,0.9999709639953542
1722,0.9999709808473592
1723,0.9999709976798143
1724,0.9999710144927536
1725,0.9999710312862109
1726,0.9999710480602201
1727,0.9999710648148148
1728,0.9999710815500289
1729,0.9999710982658959
1730,0.9999711149624495
1731,0.9999711316397228
1732,0.9999711482977496
1733,0.9999711649365629
1734,0.999971181556196
1735,0.999971198156682
1736,0.9999712147380542
1737,0.9999712313003453
1738,0.9999712478435883
1739,0.9999712643678161
1740,0.9999712808730614
1741,0.9999712973593571
1742,0.9999713138267355
1743,0.9999713302752293
1744,0.9999713467048711
1745,0.999971363115693
1746,0.9999713795077275
1747,0.9999713958810069
1748,0.9999714122355632
1749,0.9999714285714286
1750,0.9999714448886351
1751,0.9999714611872146
1752,0.999971477467199
1753,0.9999714937286203
1754,0.99997150997151
1755,0.9999715261958998
1756,0.9999715424018213
1757,0.999971558589306
1758,0.9999715747583855
1759,0.9999715909090909
1760,0.9999716070414537
1761,0.9999716231555051
1762,0.9999716392512762
1763,0.9999716553287982
1764,0.999971671388102
1765,0.9999716874292186
1766,0.9999717034521788
1767,0.9999717194570136
1768,0.9999717354437535
1769,0.9999717514124293
1770,0.9999717673630717
1771,0.999971783295711
1772,0.9999717992103779
1773,0.9999718151071026
1774,0.9999718309859155
1775,0.9999718468468468
1776,0.9999718626899269
1777,0.9999718785151857
1778,0.9999718943226532
1779,0.9999719101123595
1780,0.9999719258843346
1781,0.9999719416386083
1782,0.9999719573752103
1783,0.9999719730941704
1784,0.9999719887955182
1785,0.9999720044792834
1786,0.9999720201454952
1787,0.9999720357941835
1788,0.9999720514253773
1789,0.9999720670391061
1790,0.9999720826353993
1791,0.9999720982142857
1792,0.9999721137757948
1793,0.9999721293199554
1794,0.9999721448467966
1795,0.9999721603563474
1796,0.9999721758486366
1797,0.999972191323693
1798,0.9999722067815453
1799,0.9999722222222223
1800,0.9999722376457524
1801,0.9999722530521643
1802,0.9999722684414865
1803,0.9999722838137473
1804,0.9999722991689751
1805,0.9999723145071983
1806,0.999972329828445
1807,0.9999723451327434
1808,0.9999723604201216
1809,0.9999723756906077
1810,0.9999723909442297
1811,0.9999724061810155
1812,0.9999724214009929
1813,0.9999724366041897
1814,0.9999724517906337
1815,0.9999724669603525
1816,0.9999724821133736
1817,0.9999724972497249
1818,0.9999725123694337
1819,0.9999725274725275
1820,0.9999725425590335
1821,0.9999725576289792
1822,0.9999725726823917
1823,0.9999725877192982
1824,0.999972602739726
1825,0.999972617743702
1826,0.9999726327312535
1827,0.999972647702407
1828,0.9999726626571898
1829,0.9999726775956285
1830,0.9999726925177499
1831,0.9999727074235808
1832,0.9999727223131478
1833,0.9999727371864776
1834,0.9999727520435967
1835,0.9999727668845316
1836,0.9999727817093087
1837,0.9999727965179543
1838,0.9999728113104949
1839,0.9999728260869565
1840,0.9999728408473656
1841,0.9999728555917481
1842,0.9999728703201303
1843,0.999972885032538
1844,0.9999728997289973
1845,0.9999729144095342
1846,0.9999729290741743
1847,0.9999729437229438
1848,0.9999729583558681
1849,0.9999729729729729
1850,0.9999729875742842
1851,0.9999730021598272
1852,0.9999730167296277
1853,0.9999730312837108
1854,0.9999730458221024
1855,0.9999730603448276
1856,0.9999730748519117
1857,0.99997308934338
1858,0.9999731038192576
1859,0.9999731182795699
1860,0.9999731327243417
1861,0.9999731471535983
1862,0.9999731615673645
1863,0.9999731759656653
1864,0.9999731903485255
1865,0.99997320471597
1866,0.9999732190680236
1867,0.9999732334047109
1868,0.9999732477260567
1869,0.9999732620320856
1870,0.9999732763228221
1871,0.9999732905982905
1872,0.9999733048585158
1873,0.9999733191035218
1874,0.9999733333333334
1875,0.9999733475479744
1876,0.9999733617474693
1877,0.9999733759318424
1878,0.9999733901011176
1879,0.9999734042553191
1880,0.9999734183944711
1881,0.9999734325185973
1882,0.9999734466277217
1883,0.9999734607218683
1884,0.999973474801061
1885,0.9999734888653234
1886,0.9999735029146793
1887,0.9999735169491526
1888,0.9999735309687665
1889,0.999973544973545
1890,0.9999735589635114
1891,0.9999735729386893
1892,0.999973586899102
1893,0.9999736008447729
1894,0.9999736147757255
1895,0.9999736286919831
1896,0.9999736425935688
1897,0.9999736564805058
1898,0.9999736703528173
1899,0.9999736842105263
1900,0.999973698053656
1901,0.9999737118822293
1902,0.9999737256962691
1903,0.9999737394957983
1904,0.9999737532808399
1905,0.9999737670514166
1906,0.9999737808075512
1907,0.9999737945492663
1908,0.9999738082765846
1909,0.9999738219895288
1910,0.9999738356881214
1911,0.999973849372385
1912,0.9999738630423419
1913,0.9999738766980146
1914,0.9999738903394256
1915,0.999973903966597
1916,0.9999739175795513
1917,0.9999739311783108
1918,0.9999739447628974
1919,0.9999739583333334
1920,0.9999739718896408
1921,0.9999739854318418
1922,0.9999739989599584
1923,0.9999740124740125
1924,0.999974025974026
1925,0.9999740394600207
1926,0.9999740529320187
1927,0.9999740663900415
1928,0.9999740798341109
1929,0.9999740932642487
1930,0.9999741066804765
1931,0.9999741200828157
1932,0.9999741334712882
1933,0.9999741468459152
1934,0.9999741602067184
1935,0.999974173553719
1936,0.9999741868869385
1937,0.9999742002063984
1938,0.9999742135121197
1939,0.9999742268041237
1940,0.9999742400824317
1941,0.9999742533470649
1942,0.9999742665980442
1943,0.999974279835391
1944,0.999974293059126
1945,0.9999743062692703
1946,0.9999743194658449
1947,0.9999743326488706
1948,0.9999743458183684
1949,0.9999743589743589
1950,0.9999743721168631
1951,0.9999743852459017
1952,0.9999743983614952
1953,0.9999744114636643
1954,0.9999744245524297
1955,0.9999744376278119
1956,0.9999744506898314
1957,0.9999744637385087
1958,0.9999744767738642
1959,0.9999744897959184
1960,0.9999745028046915
1961,0.9999745158002039
1962,0.9999745287824758
1963,0.9999745417515274
1964,0.9999745547073792
1965,0.9999745676500509
1966,0.9999745805795628
1967,0.999974593495935
1968,0.9999746063991874
1969,0.9999746192893401
1970,0.999974632166413
1971,0.999974645030426
1972,0.9999746578813988
1973,0.9999746707193515
1974,0.9999746835443037
1975,0.9999746963562753
1976,0.9999747091552857
1977,0.999974721941355
1978,0.9999747347145023
1979,0.9999747474747475
1980,0.9999747602221101
1981,0.9999747729566095
1982,0.9999747856782653
1983,0.9999747983870968
1984,0.9999748110831235
1985,0.9999748237663646
1986,0.9999748364368395
1987,0.9999748490945674
1988,0.9999748617395676
1989,0.9999748743718593
1990,0.9999748869914615
1991,0.9999748995983936
1992,0.9999749121926743
1993,0.9999749247743229
1994,0.9999749373433584
1995,0.9999749498997996
1996,0.9999749624436655
1997,0.999974974974975
1998,0.9999749874937469
1999,0.999975
